datetime,league,home_team,away_team,ht,final_home,final_away,goal_minutes,ou_ft,ou_1h,ht_market,ht_ou_ft,ht_ou_1h,ko_market,ko_ou_ft,ko_ou_1h,ko_score,goal_markets
01/08/2026 15:38,SABA CLUB FRIENDLY Virtual PES 21 - 15 Mins Play,AS Monaco (V),Olympique de Marseille (V),0-0,1,0,2H 2',o 1.5:5.00 | u 1.5:1.09,o 0.5:6.56 | u 0.5:1.02,FT. O/U,o 1:1.80 | u 1:1.96,,FT. O/U,o 1.75:1.84 | u 1.75:1.92,o 0.75:1.96 | u 0.75:1.80,0 - 0,2H 2' (1-0) FT. O/U+ o 1.75:1.72 | u 1.75:2.04
01/08/2026 15:39,SABA VIETNAM V LEAGUE 1 Virtual PES 24 - 15 Mins Play,Ha Noi FC (V),Hoang Anh Gia Lai (V),1-0,2,0,1H 3' | 2H 6',o 2.5:6.00 | u 2.5:1.04,o 1.5:6.88 | u 1.5:1.01,FT. O/U,o 1.5:1.78 | u 1.5:1.98,,FT. O/U,o 1.25:1.85 | u 1.25:1.91,o 0.5:2.00 | u 0.5:1.76,0 - 0,1H 3' (1-0) FT. O/U+ o 2:1.89 | u 2:1.87 | 2H 6' (2-0) FT. O/U+ o 2.5:5.35 | u 2.5:1.07
01/08/2026 15:39,SABA VIETNAM V LEAGUE 1 Virtual PES 24 - 15 Mins Play,Hong Linh Ha Tinh (V),Becamex Binh Duong (V),0-2,0,2,1H 3' | 1H 6',o 2.5:5.00 | u 2.5:1.09,o 2.5:6.00 | u 2.5:1.04,FT. O/U,o 2.75:1.77 | u 2.75:1.99,,FT. O/U,o 1.75:1.88 | u 1.75:1.88,o 0.75:1.71 | u 0.75:2.05,0 - 0,1H 3' (0-1) FT. O/U+ o 2.25:1.77 | u 2.25:1.99 | 1H 6' (0-2) FT. O/U+ o 3:2.05 | u 3:1.71
01/08/2026 15:41,SABA INTERNATIONAL FRIENDLY Virtual FC 24 - 16 Mins Play,Poland (V),Morocco (V),1-0,2,0,1H 0' | 2H 3',o 2.5:3.50 | u 2.5:1.16,o 1.5:4.13 | u 1.5:1.08,FT. O/U,o 2:1.71 | u 2:2.05,,FT. O/U,o 2.75:1.80 | u 2.75:1.96,o 1.75:1.94 | u 1.75:1.82,1 - 0,1H 0' (1-0) FT. O/U+ o 3:1.93 | u 3:1.83 | 2H 3' (2-0) FT. O/U+ o 2.5:1.70 | u 2.5:2.06
01/08/2026 15:41,SABA CLUB FRIENDLY Virtual PES 21 - 15 Mins Play,CA Osasuna (V),Manchester United (V),0-1,0,2,1H 3' | 2H 3',o 2.5:5.17 | u 2.5:1.08,o 1.5:6.00 | u 1.5:1.04,FT. O/U,o 2.25:1.88 | u 2.25:1.88,,FT. O/U,o 2.5:1.90 | u 2.5:1.86,o 1:2.06 | u 1:1.70,0 - 0,1H 3' (0-1) FT. O/U+ o 3:1.87 | u 3:1.89 | 2H 3' (0-2) FT. O/U+ o 2.75:2.03 | u 2.75:1.73
01/08/2026 15:42,SABA INTERNATIONAL FRIENDLY Virtual PES 21 - 20 Mins Play,Georgia (V),Cyprus (V),0-0,0,0,,o 0.5:5.00 | u 0.5:1.09,o 0.5:6.56 | u 0.5:1.02,FT. O/U,o 1:1.84 | u 1:1.92,,FT. O/U,o 2:2.03 | u 2:1.73,o 0.75:1.68 | u 0.75:2.09,0 - 0,
01/08/2026 15:48,SABA INTERNATIONAL FRIENDLY Virtual PES 21 - 20 Mins Play,Korea Republic (V),Finland (V),0-0,0,2,2H 5' | 2H 8',o 2.5:5.00 | u 2.5:1.09,o 0.5:6.00 | u 0.5:1.04,FT. O/U,o 1.25:2.12 | u 1.25:1.65,,FT. O/U,o 2:1.85 | u 2:1.91,o 0.75:2.01 | u 0.75:1.75,0 - 0,2H 5' (0-1) FT. O/U+ o 1.5:1.86 | u 1.5:1.90 | 2H 8' (0-2) FT. O/U+ o 2.5:3.94 | u 2.5:1.18
01/08/2026 15:54,SABA CLUB FRIENDLY Virtual PES 21 - 15 Mins Play,Arsenal (V),Lazio (V),1-2,1,2,1H 1' | 1H 3' | 1H 5',o 3.5:4.45 | u 3.5:1.13,o 3.5:5.76 | u 3.5:1.05,FT. O/U,o 4:1.70 | u 4:2.06,,FT. O/U,o 3:1.73 | u 3:2.03,o 1.75:1.67 | u 1.75:2.10,1 - 0,1H 1' (1-0) FT. O/U+ o 3:1.81 | u 3:1.95 | 1H 3' (1-1) FT. O/U+ o 3.75:1.88 | u 3.75:1.88 | 1H 5' (1-2) FT. O/U+ o 4.5:2.02 | u 4.5:1.74
01/08/2026 15:54,SABA CLUB FRIENDLY Virtual PES 21 - 15 Mins Play,Chelsea (V),Everton (V),2-0,3,0,1H 1' | 1H 6' | 2H 2',o 3.5:4.45 | u 3.5:1.13,o 2.5:6.00 | u 2.5:1.04,FT. O/U,o 3.25:1.79 | u 3.25:1.97,,FT. O/U,o 3.5:1.83 | u 3.5:1.93,o 2:1.72 | u 2:2.04,1 - 0,1H 1' (1-0) FT. O/U+ o 3.5:1.77 | u 3.5:1.99 | 1H 6' (2-0) FT. O/U+ o 3.5:1.93 | u 3.5:1.83 | 2H 2' (3-0) FT. O/U+ o 3.75:1.79 | u 3.75:1.97
01/08/2026 15:55,SABA CLUB FRIENDLY Virtual PES 21 - 15 Mins Play,Bayer 04 Leverkusen (V),Bayern Munchen (V),2-1,2,1,1H 4' | 1H 4' | 1H 6',o 3.5:4.33 | u 3.5:1.14,o 3.5:6.26 | u 3.5:1.03,FT. O/U,o 4.25:2.01 | u 4.25:1.75,,FT. O/U,o 2:1.90 | u 2:1.86,o 0.75:1.67 | u 0.75:2.10,0 - 0,1H 4' (0-1) FT. O/U+ o 2.5:1.88 | u 2.5:1.88 | 1H 4' (1-1) FT. O/U+ o 3.5:1.97 | u 3.5:1.79 | 1H 6' (2-1) FT. O/U+ o 4.25:1.91 | u 4.25:1.85
01/08/2026 15:56,SABA INTERNATIONAL FRIENDLY Virtual FC 24 - 16 Mins Play,Germany (V),Portugal (V),1-0,1,0,2H 0',o 1.5:3.22 | u 1.5:1.21,o 0.5:3.63 | u 0.5:1.14,FT. O/U,o 1.5:1.93 | u 1.5:1.83,,FT. O/U,o 2.5:1.78 | u 2.5:1.98,o 1:1.73 | u 1:2.03,0 - 0,2H 0' (1-0) FT. O/U+ o 2.5:1.92 | u 2.5:1.84
01/08/2026 15:56,SABA CLUB FRIENDLY Virtual PES 21 - 15 Mins Play,Real Sociedad (V),Udinese (V),1-2,1,2,1H 0' | 1H 1' | 1H 6',o 3.5:4.57 | u 3.5:1.12,o 3.5:5.35 | u 3.5:1.07,FT. O/U,o 4:1.79 | u 4:1.97,,FT. O/U,o 3.75:1.89 | u 3.75:1.87,o 2.75:1.82 | u 2.75:1.94,1 - 1,1H 0' (0-1) FT. O/U+ o 3:1.94 | u 3:1.82 | 1H 1' (1-1) FT. O/U+ o 3.75:1.89 | u 3.75:1.87 | 1H 6' (1-2) FT. O/U+ o 4.25:2.02 | u 4.25:1.74
01/08/2026 16:03,SABA INTERNATIONAL FRIENDLY Virtual PES 21 - 20 Mins Play,Switzerland (V),Poland (V),0-2,0,2,1H 2' | 1H 8',o 2.5:5.35 | u 2.5:1.07,o 2.5:5.17 | u 2.5:1.08,FT. O/U,o 3:1.77 | u 3:1.99,,FT. O/U,o 2.25:1.97 | u 2.25:1.79,o 1:1.79 | u 1:1.97,0 - 0,1H 2' (0-1) FT. O/U+ o 3.25:1.99 | u 3.25:1.77 | 1H 8' (0-2) FT. O/U+ o 3.5:2.01 | u 3.5:1.75
01/08/2026 16:04,SABA INTERNATIONAL FRIENDLY Virtual PES 21 - 20 Mins Play,Paraguay (V),Colombia (V),2-2,3,3,1H 1' | 1H 5' | 1H 7' | 2H 7' | 2H 10',o 5.5:5.35 | u 5.5:1.07,o 3.5:5.76 | u 3.5:1.05,FT. O/U,o 4:1.78 | u 4:1.98,,FT. O/U,o 2.75:1.72 | u 2.75:2.04,o 1.5:1.71 | u 1.5:2.05,1 - 0,1H 1' (1-0) FT. O/U+ o 2.75:1.82 | u 2.75:1.94 | 1H 5' (1-1) FT. O/U+ o 3.5:2.02 | u 3.5:1.74 | 1H 7' (1-2) FT. O/U+ o 4.25:1.92 | u 4.25:1.84 | 2H 1' (2-2) FT. O/U+ o 4.75:1.86 | u 4.75:1.90 | 2H 10' (3-3)
01/08/2026 16:11,SABA CLUB FRIENDLY Virtual PES 21 - 15 Mins Play,Barcelona (V),Tottenham Hotspur (V),1-3,1,3,1H 3' | 1H 4' | 1H 5' | 1H 5',o 4.5:4.57 | u 4.5:1.12,o 4.5:5.55 | u 4.5:1.06,FT. O/U,o 5.25:1.92 | u 5.25:1.84,,FT. O/U,o 2.5:1.85 | u 2.5:1.91,o 1:1.86 | u 1:1.90,0 - 0,1H 3' (0-1) FT. O/U+ o 3:1.95 | u 3:1.81 | 1H 4' (1-1) FT. O/U o 3:1.97 | u 3:1.79 | 1H 5' (1-2) FT. O/U+ o 4.75:1.92 | u 4.75:1.84 | 1H 5' (1-3) FT. O/U+ o 5.5:1.83 | u 5.5:1.93
01/08/2026 16:11,SABA CLUB FRIENDLY Virtual PES 21 - 15 Mins Play,Getafe CF (V),Manchester City (V),0-0,1,1,2H 6' | 2H 7',o 1.5:4.70 | u 1.5:1.11,o 0.5:5.35 | u 0.5:1.07,FT. O/U,o 1.25:2.08 | u 1.25:1.69,,FT. O/U,o 2.25:1.85 | u 2.25:1.91,o 1:1.71 | u 1:2.05,0 - 0,2H 6' (0-1) FT. O/U+ o 1.5:4.23 | u 1.5:1.15 | 2H 7' (1-1)
01/08/2026 16:15,SABA INTERNATIONAL FRIENDLY Virtual FC 24 - 16 Mins Play,Hungary (V),Croatia (V),1-3,1,3,1H 3' | 1H 3' | 1H 5' | 2H 0',o 4.5:3.70 | u 4.5:1.13,o 3.5:4.57 | u 3.5:1.04,FT. O/U,o 4.25:2.02 | u 4.25:1.74,,FT. O/U,o 2.25:1.97 | u 2.25:1.79,o 1:1.96 | u 1:1.80,0 - 0,1H 3' (0-1) FT. O/U+ o 3:2.03 | u 3:1.73 | 1H 3' (1-1) FT. O/U+ o 3.75:1.84 | u 3.75:1.92 | 1H 5' (1-2) FT. O/U+ o 4.5:1.75 | u 4.5:2.01 | 2H 0' (1-3) FT. O/U+ o 5.25:2.02 | u 5.25:1.74
01/08/2026 16:16,SABA INTERNATIONAL FRIENDLY Virtual PES 21 - 20 Mins Play,Tunisia (V),Austria (V),0-1,0,1,1H 9',o 1.5:4.85 | u 1.5:1.10,o 0.5:5.17 | u 0.5:1.08,FT. O/U,o 2.25:1.87 | u 2.25:1.89,,FT. O/U,o 2.5:1.86 | u 2.5:1.90,o 1:1.95 | u 1:1.81,0 - 0,1H 9' (0-1) FT. O/U+ o 2.25:1.81 | u 2.25:1.95
01/08/2026 16:19,SABA INTERNATIONAL FRIENDLY Virtual PES 21 - 20 Mins Play,Brazil (V),Czech Republic (V),0-0,0,0,,o 0.5:4.23 | u 0.5:1.15,o 0.5:5.35 | u 0.5:1.07,FT. O/U,o 1.25:1.95 | u 1.25:1.81,,FT. O/U,o 2:1.84 | u 2:1.92,o 1:1.95 | u 1:1.81,0 - 0,
01/08/2026 16:24,SABA INTERNATIONAL FRIENDLY Virtual FC 24 - 16 Mins Play,New Zealand (V),Wales  (V),0-0,0,1,2H 3',o 1.5:3.78 | u 1.5:1.12,o 0.5:4.23 | u 0.5:1.07,FT. O/U,o 1:1.91 | u 1:1.85,,FT. O/U,o 1.5:1.82 | u 1.5:1.94,o 0.5:1.87 | u 0.5:1.89,0 - 0,2H 3' (0-1) FT. O/U+ o 1.5:1.95 | u 1.5:1.81
01/08/2026 16:28,SABA CLUB FRIENDLY Virtual PES 21 - 15 Mins Play,Atletico de Madrid (V),CA Osasuna (V),1-0,1,0,2H 0',o 1.5:5.00 | u 1.5:1.09,o 0.5:6.00 | u 0.5:1.04,FT. O/U,o 1:1.64 | u 1:2.14,,FT. O/U,o 2:1.95 | u 2:1.81,o 0.75:1.73 | u 0.75:2.03,0 - 0,2H 0' (1-0) FT. O/U+ o 2:1.97 | u 2:1.79
01/08/2026 16:31,SABA CLUB FRIENDLY Virtual PES 21 - 15 Mins Play,Olympique Lyonnais (V),Paris Saint Germain (V),2-0,2,3,1H 4' | 2H 3' | 2H 7',o 4.5:4.23 | u 4.5:1.15,o 1.5:4.85 | u 1.5:1.10,FT. O/U,o 2.25:1.81 | u 2.25:1.95,,FT. O/U,o 2.75:1.94 | u 2.75:1.82,o 1.25:2.03 | u 1.25:1.73,0 - 0,1H 4' (1-0) FT. O/U+ o 3:2.03 | u 3:1.73 | 2H 1' (2-0) FT. O/U+ o 3:1.98 | u 3:1.78 | 2H 7' (2-3)
01/08/2026 16:34,SABA INTERNATIONAL FRIENDLY Virtual PES 21 - 20 Mins Play,Argentina (V),Slovakia (V),1-0,1,0,1H 5',o 1.5:4.85 | u 1.5:1.10,o 1.5:4.85 | u 1.5:1.10,FT. O/U,o 2.25:1.79 | u 2.25:1.97,,FT. O/U,o 2.5:1.81 | u 2.5:1.95,o 1:1.70 | u 1:2.06,0 - 0,1H 5' (1-0) FT. O/U+ o 2.75:1.76 | u 2.75:2.00
01/08/2026 16:36,SABA INTERNATIONAL FRIENDLY Virtual PES 21 - 20 Mins Play,Sweden (V),Portugal (V),2-1,2,2,1H 1' | 1H 3' | 1H 8' | 2H 9',o 4.5:4.03 | u 4.5:1.17,o 3.5:4.03 | u 3.5:1.17,FT. O/U,o 4.75:1.85 | u 4.75:1.91,,FT. O/U,o 4:2.00 | u 4:1.76,o 2.25:2.03 | u 2.25:1.73,1 - 0,1H 1' (1-0) FT. O/U+ o 4:1.90 | u 4:1.86 | 1H 3' (2-0) FT. O/U+ o 4.75:1.96 | u 4.75:1.80 | 1H 8' (2-1) FT. O/U+ o 5:1.86 | u 5:1.90 | 2H 9' (2-2) FT. O/U+ o 4.5:3.70 | u 4.5:1.21
01/08/2026 16:36,SABA VIETNAM V LEAGUE 1 Virtual PES 24 - 15 Mins Play,Hai Phong FC (V),Song Lam Nghe An (V),0-0,0,0,,o 0.5:5.55 | u 0.5:1.06,o 0.5:6.88 | u 0.5:1.01,FT. O/U,o 0.75:1.80 | u 0.75:1.96,,FT. O/U,o 1.5:1.87 | u 1.5:1.89,o 0.5:1.72 | u 0.5:2.04,0 - 0,
01/08/2026 16:38,SABA VIETNAM V LEAGUE 1 Virtual PES 24 - 15 Mins Play,Nam Dinh (V),Hong Linh Ha Tinh (V),1-1,1,1,1H 0' | 1H 5',o 2.5:5.35 | u 2.5:1.07,o 2.5:6.56 | u 2.5:1.02,FT. O/U,o 2.75:1.86 | u 2.75:1.90,,FT. O/U,o 2.5:1.76 | u 2.5:2.00,o 1.5:1.97 | u 1.5:1.79,1 - 0,1H 0' (1-0) FT. O/U+ o 2.75:1.89 | u 2.75:1.87 | 1H 5' (1-1) FT. O/U+ o 3:2.01 | u 3:1.75
01/08/2026 16:39,SABA CLUB FRIENDLY Virtual PES 21 - 15 Mins Play,Leicester City (V),FSV Mainz 05 (V),1-1,1,1,1H 3' | 2H 1',o 2.5:4.70 | u 2.5:1.11,o 1.5:5.76 | u 1.5:1.05,FT. O/U,o 2:1.84 | u 2:1.92,,FT. O/U,o 1.75:1.75 | u 1.75:2.01,o 0.75:1.86 | u 0.75:1.90,0 - 0,1H 3' (1-0) FT. O/U+ o 2.5:1.89 | u 2.5:1.87 | 2H 1' (1-1) FT. O/U+ o 2.75:1.76 | u 2.75:2.00
01/08/2026 16:42,SABA INTERNATIONAL FRIENDLY Virtual FC 24 - 16 Mins Play,Sweden (V),Ukraine (V),0-2,2,4,1H 4' | 1H 5' | 2H 3' | 2H 5' | 2H 8',o 5.5:3.94 | u 5.5:1.10,o 2.5:4.70 | u 2.5:1.03,FT. O/U,o 3.25:1.94 | u 3.25:1.82,,FT. O/U,o 2.25:1.83 | u 2.25:1.93,o 1:1.92 | u 1:1.84,0 - 0,1H 4' (0-1) FT. O/U+ o 2.75:1.76 | u 2.75:2.00 | 1H 5' (0-2) FT. O/U+ o 3.75:1.99 | u 3.75:1.77 | 2H 2' (0-3) FT. O/U+ o 4.5:1.75 | u 4.5:2.01 | 2H 5' (2-3) FT. O/U+ o 5.5:2.49 | u 5.5:1.43 | 2H 8' (2-4)
01/08/2026 16:45,SABA INTERNATIONAL FRIENDLY Virtual PES 21 - 20 Mins Play,Philippines (V),Oman (V),1-1,1,2,1H 3' | 1H 4' | 2H 8',o 3.5:3.78 | u 3.5:1.20,o 2.5:4.57 | u 2.5:1.12,FT. O/U,o 3.75:1.92 | u 3.75:1.84,,FT. O/U,o 3:1.90 | u 3:1.86,o 1.25:2.09 | u 1.25:1.68,0 - 0,1H 3' (0-1) FT. O/U+ o 3.5:1.92 | u 3.5:1.84 | 1H 4' (1-1) FT. O/U+ o 4.5:1.94 | u 4.5:1.82 | 2H 8' (1-2) FT. O/U+ o 3.5:3.44 | u 3.5:1.25
01/08/2026 16:48,SABA INTERNATIONAL FRIENDLY Virtual PES 21 - 20 Mins Play,USA (V),Germany (V),0-0,0,3,2H 9' | 2H 9' | 2H 10',o 1.5:4.57 | u 1.5:1.12,o 0.5:5.35 | u 0.5:1.07,FT. O/U,o 1.25:1.84 | u 1.25:1.92,,FT. O/U,o 2.5:1.96 | u 2.5:1.80,o 1:1.80 | u 1:1.96,0 - 0,2H 9' (0-1) FT. O/U+ o 1.5:5.17 | u 1.5:1.08 | 2H 9' (0-2) | 2H 10' (0-3)
01/08/2026 16:53,SABA CLUB FRIENDLY Virtual PES 21 - 15 Mins Play,Getafe CF (V),Valencia CF (V),0-0,2,0,2H 3' | 2H 6',o 2.5:5.76 | u 2.5:1.05,o 0.5:6.56 | u 0.5:1.02,FT. O/U,o 1:2.02 | u 1:1.74,,FT. O/U,o 1.75:1.90 | u 1.75:1.86,o 0.5:1.80 | u 0.5:1.96,0 - 0,2H 3' (1-0) FT. O/U+ o 1.5:1.93 | u 1.5:1.83 | 2H 6' (2-0) FT. O/U+ o 2.5:4.33 | u 2.5:1.14
01/08/2026 16:55,SABA CLUB FRIENDLY Virtual PES 21 - 15 Mins Play,Bayern Munchen (V),Tottenham Hotspur (V),0-2,1,2,1H 0' | 2H 6',o 3.5:4.57 | u 3.5:1.12,o 1.5:4.85 | u 1.5:1.10,FT. O/U,o 2.5:1.93 | u 2.5:1.83,,FT. O/U,o 3.5:1.90 | u 3.5:1.86,o 2:1.84 | u 2:1.92,0 - 1,1H 0' (0-1) FT. O/U+ o 3.75:1.98 | u 3.75:1.78 | 2H 1' (0-2) FT. O/U+ o 3.25:2.03 | u 3.25:1.73
01/08/2026 16:58,SABA INTERNATIONAL FRIENDLY Virtual FC 24 - 16 Mins Play,Netherlands (V),Spain (V),0-2,2,4,1H 2' | 1H 4' | 2H 3' | 2H 4' | 2H 6' | 2H 8',o 5.5:3.22 | u 5.5:1.21,o 2.5:4.13 | u 2.5:1.08,FT. O/U,o 3.5:2.01 | u 3.5:1.75,,FT. O/U,o 2.75:1.83 | u 2.75:1.93,o 1.25:1.97 | u 1.25:1.79,0 - 0,1H 2' (0-1) FT. O/U+ o 3.5:1.83 | u 3.5:1.93 | 1H 4' (0-2) FT. O/U+ o 4:1.86 | u 4:1.90 | 2H 3' (1-2) FT. O/U+ o 3.75:1.93 | u 3.75:1.83 | 2H 4' (1-3) FT. O/U+ o 4.5:1.95 | u 4.5:1.81 | 2H 6' (2-3) FT. O/U+ o 5.5:2.56 | u 5.5:1.40 | 2H 8' (2-4)
01/08/2026 17:01,SABA INTERNATIONAL FRIENDLY Virtual PES 21 - 20 Mins Play,Hungary (V),Venezuela (V),1-0,2,0,1H 9' | 2H 4',o 2.5:4.57 | u 2.5:1.12,o 0.5:5.76 | u 0.5:1.05,FT. O/U,o 2.5:1.84 | u 2.5:1.92,,FT. O/U,o 2.75:1.87 | u 2.75:1.89,o 1.25:1.97 | u 1.25:1.79,0 - 0,1H 9' (1-0) FT. O/U+ o 2.5:1.77 | u 2.5:1.99 | 2H 4' (2-0) FT. O/U+ o 2.75:1.86 | u 2.75:1.90
01/08/2026 17:01,SABA INTERNATIONAL FRIENDLY Virtual PES 21 - 20 Mins Play,Burkina Faso (V),China (V),0-0,1,0,2H 6',o 1.5:5.35 | u 1.5:1.07,o 0.5:5.55 | u 0.5:1.06,FT. O/U,o 1.25:2.01 | u 1.25:1.75,,FT. O/U,o 2.25:1.98 | u 2.25:1.78,o 0.75:1.68 | u 0.75:2.09,0 - 0,2H 6' (1-0) FT. O/U+ o 1.5:2.33 | u 1.5:1.51
01/08/2026 17:11,SABA CLUB FRIENDLY Virtual PES 21 - 15 Mins Play,Torino (V),CA Osasuna (V),0-0,0,0,,o 0.5:4.57 | u 0.5:1.12,o 0.5:6.56 | u 0.5:1.02,FT. O/U,o 1:2.10 | u 1:1.67,,FT. O/U,o 1.75:1.97 | u 1.75:1.79,o 0.75:1.98 | u 0.75:1.78,0 - 0,
01/08/2026 17:11,SABA INTERNATIONAL FRIENDLY Virtual FC 24 - 16 Mins Play,Norway (V),France (V),2-1,2,2,1H 0' | 1H 4' | 1H 6' | 2H 5',o 4.5:3.04 | u 4.5:1.25,o 3.5:3.44 | u 3.5:1.17,FT. O/U,o 4.5:1.82 | u 4.5:1.94,,FT. O/U,o 4:1.88 | u 4:1.88,o 2.25:1.79 | u 2.25:1.97,0 - 1,1H 0' (0-1) FT. O/U+ o 4.25:1.80 | u 4.25:1.96 | 1H 4' (1-1) FT. O/U+ o 4.25:1.88 | u 4.25:1.88 | 1H 6' (2-1) FT. O/U+ o 4.75:1.75 | u 4.75:2.01 | 2H 5' (2-2) FT. O/U+ o 4.5:2.02 | u 4.5:1.74
01/08/2026 17:12,SABA CLUB FRIENDLY Virtual PES 21 - 15 Mins Play,Inter Milan (V),Manchester United (V),2-2,3,2,1H 1' | 1H 2' | 1H 3' | 1H 4' | 2H 2',o 5.5:4.13 | u 5.5:1.16,o 4.5:5.00 | u 4.5:1.09,FT. O/U,o 5.25:1.98 | u 5.25:1.78,,FT. O/U,o 3:1.76 | u 3:2.00,o 2:1.97 | u 2:1.79,0 - 1,1H 1' (0-1) FT. O/U+ o 3.25:1.92 | u 3.25:1.84 | 1H 2' (0-2) FT. O/U+ o 4:1.87 | u 4:1.89 | 1H 3' (1-2) FT. O/U+ o 4.75:1.80 | u 4.75:1.96 | 1H 4' (2-2) FT. O/U+ o 5.5:1.78 | u 5.5:1.98 | 2H 2' (3-2) FT. O/U+ o 6:2.05 | u 6:1.71
01/08/2026 17:17,SABA INTERNATIONAL FRIENDLY Virtual PES 21 - 20 Mins Play,Mexico (V),Spain (V),0-0,2,0,2H 6' | 2H 10',o 1.5:4.85 | u 1.5:1.10,o 0.5:5.55 | u 0.5:1.06,FT. O/U,o 1.5:1.92 | u 1.5:1.84,,FT. O/U,o 2.75:1.94 | u 2.75:1.82,o 1.25:1.98 | u 1.25:1.78,0 - 0,2H 6' (1-0) FT. O/U+ o 1.5:1.98 | u 1.5:1.78 | 2H 10' (2-0)
01/08/2026 17:18,SABA INTERNATIONAL FRIENDLY Virtual PES 21 - 20 Mins Play,Nigeria (V),Norway (V),1-2,1,2,1H 8' | 1H 10' | 2H 0',o 3.5:4.45 | u 3.5:1.13,o 1.5:4.13 | u 1.5:1.16,FT. O/U,o 3.75:1.93 | u 3.75:1.83,,FT. O/U,o 3.25:1.86 | u 3.25:1.90,o 1.5:1.82 | u 1.5:1.94,0 - 0,1H 8' (0-1) FT. O/U+ o 3:2.01 | u 3:1.75 | 1H 10' (0-2) FT. O/U+ o 3.75:1.99 | u 3.75:1.77 | 2H 0' (1-2) FT. O/U+ o 4.5:1.86 | u 4.5:1.90
01/08/2026 17:23,SABA ENGLISH PREMIER LEAGUE Virtual PES 26 - 15 Mins Play,Arsenal (V),Brentford (V),0-1,0,1,1H 5',o 1.5:4.70 | u 1.5:1.11,o 1.5:6.56 | u 1.5:1.02,FT. O/U,o 1.75:1.69 | u 1.75:2.08,,FT. O/U,o 1.5:1.82 | u 1.5:1.94,o 0.5:1.80 | u 0.5:1.96,0 - 0,1H 5' (0-1) FT. O/U+ o 2.25:2.06 | u 2.25:1.70
01/08/2026 17:26,SABA CLUB FRIENDLY Virtual PES 21 - 15 Mins Play,FSV Mainz 05 (V),Paris Saint Germain (V),1-1,2,2,1H 0' | 2H 6' | 2H 6',o 4.5:4.57 | u 4.5:1.12,o 1.5:5.00 | u 1.5:1.09,FT. O/U,o 2.25:1.94 | u 2.25:1.82,,FT. O/U,o 3.25:1.77 | u 3.25:1.99,o 2:2.04 | u 2:1.72,1 - 0,1H 0' (1-0) FT. O/U+ o 3.75:1.99 | u 3.75:1.77 | 2H 0' (1-1) FT. O/U+ o 3.25:2.02 | u 3.25:1.74 | 2H 6' (2-2) FT. O/U+ o 4.5:4.45 | u 4.5:1.13
01/08/2026 17:26,SABA INTERNATIONAL FRIENDLY Virtual FC 24 - 16 Mins Play,Qatar (V),Scotland (V),1-2,2,3,1H 6' | 1H 7' | 1H 8' | 2H 6',o 5.5:4.13 | u 5.5:1.08,o 1.75:4.23 | u 1.75:1.07,FT. O/U,o 4:1.77 | u 4:1.99,o 1.75:4.23 | u 1.75:1.07,FT. O/U,o 1.5:1.76 | u 1.5:2.00,o 0.5:1.72 | u 0.5:2.04,0 - 0,1H 6' (1-0) FT. O/U+ o 2.25:1.96 | u 2.25:1.80 | 1H 7' (1-1) 1H. O/U o 1.75:4.23 | u 1.75:1.07 | 1H 8' (1-2) 1H. O/U o 1.75:4.23 | u 1.75:1.07 | 2H 2' (1-3) FT. O/U o 4.75:1.86 | u 4.75:1.90
01/08/2026 17:27,SABA CLUB FRIENDLY Virtual PES 21 - 15 Mins Play,Everton (V),Juventus (V),4-0,4,0,1H 1' | 1H 4' | 1H 7' | 2H 1',o 4.5:4.57 | u 4.5:1.12,o 2.5:5.55 | u 2.5:1.06,FT. O/U,o 4.25:2.06 | u 4.25:1.70,,FT. O/U,o 3:1.83 | u 3:1.93,o 1.75:1.75 | u 1.75:2.01,1 - 0,1H 1' (1-0) FT. O/U+ o 3.25:2.00 | u 3.25:1.76 | 1H 4' (2-0) FT. O/U+ o 3.5:1.85 | u 3.5:1.91 | 1H 7' (3-0) FT. O/U+ o 4.25:2.06 | u 4.25:1.70 | 2H 1' (4-0) FT. O/U+ o 4.75:1.77 | u 4.75:1.99
01/08/2026 17:31,SABA INTERNATIONAL FRIENDLY Virtual PES 21 - 20 Mins Play,Finland (V),Qatar (V),0-0,1,0,2H 9',o 0.5:4.85 | u 0.5:1.10,o 0.5:5.00 | u 0.5:1.09,FT. O/U,o 1.25:2.20 | u 1.25:1.59,,FT. O/U,o 2.25:1.98 | u 2.25:1.78,o 1:2.05 | u 1:1.71,0 - 0,2H 9' (1-0)
01/08/2026 17:33,SABA INTERNATIONAL FRIENDLY Virtual PES 21 - 20 Mins Play,Georgia (V),Belarus (V),0-0,0,0,,o 0.5:5.35 | u 0.5:1.07,o 0.5:4.85 | u 0.5:1.10,FT. O/U,o 1:1.97 | u 1:1.79,,FT. O/U,o 1.75:1.91 | u 1.75:1.85,o 0.75:1.81 | u 0.75:1.95,0 - 0,
01/08/2026 17:40,SABA VIETNAM V LEAGUE 1 Virtual PES 24 - 15 Mins Play,Cong An Ha Noi FC (V),Quang Nam (V),1-0,3,0,1H 2' | 2H 6',o 3.5:6.56 | u 3.5:1.02,o 1.5:6.88 | u 1.5:1.01,FT. O/U,o 1.5:1.78 | u 1.5:1.98,,FT. O/U,o 1.25:1.86 | u 1.25:1.90,o 0.5:1.79 | u 0.5:1.97,0 - 0,1H 2' (1-0) FT. O/U o 1.25:1.96 | u 1.25:1.80 | 2H 2' (2-0) FT. O/U+ o 2.5:2.37 | u 2.5:1.49
01/08/2026 17:40,SABA CLUB FRIENDLY Virtual PES 21 - 15 Mins Play,Arminia Bielefeld (V),Udinese (V),1-0,1,0,1H 5',o 1.5:5.00 | u 1.5:1.09,o 1.5:6.26 | u 1.5:1.03,FT. O/U,o 2:1.93 | u 2:1.83,,FT. O/U,o 2:1.91 | u 2:1.85,o 0.75:1.74 | u 0.75:2.02,0 - 0,1H 5' (1-0) FT. O/U+ o 2.25:1.86 | u 2.25:1.90
01/08/2026 17:41,SABA CLUB FRIENDLY Virtual PES 21 - 15 Mins Play,AC Milan (V),FC Koln (V),0-0,2,0,2H 6' | 2H 7',o 1.5:4.57 | u 1.5:1.12,o 0.5:6.56 | u 0.5:1.02,FT. O/U,o 1:1.63 | u 1:2.15,,FT. O/U,o 1.75:1.75 | u 1.75:2.01,o 0.75:1.74 | u 0.75:2.02,0 - 0,2H 6' (1-0) FT. O/U+ o 1.5:3.78 | u 1.5:1.20 | 2H 7' (2-0)
01/08/2026 17:44,SABA INTERNATIONAL FRIENDLY Virtual FC 24 - 16 Mins Play,Italy (V),Croatia (V),0-1,1,2,1H 1' | 2H 2' | 2H 8',o 2.5:3.44 | u 2.5:1.17,o 1.5:4.03 | u 1.5:1.09,FT. O/U,o 2.25:1.81 | u 2.25:1.95,,FT. O/U,o 3.25:1.76 | u 3.25:2.00,o 1.75:1.73 | u 1.75:2.03,0 - 1,1H 1' (0-1) FT. O/U+ o 3.25:1.76 | u 3.25:2.00 | 2H 2' (1-1) FT. O/U+ o 2.75:1.89 | u 2.75:1.87 | 2H 8' (1-2)
01/08/2026 17:49,SABA INTERNATIONAL FRIENDLY Virtual PES 21 - 20 Mins Play,Kuwait (V),Singapore (V),1-2,1,2,1H 4' | 1H 9' | 2H 0',o 3.5:5.17 | u 3.5:1.08,o 1.5:5.17 | u 1.5:1.08,FT. O/U,o 3:2.02 | u 3:1.74,,FT. O/U,o 2:1.91 | u 2:1.85,o 0.75:1.92 | u 0.75:1.84,0 - 0,1H 4' (0-1) FT. O/U+ o 2.5:1.85 | u 2.5:1.91 | 1H 9' (1-1) FT. O/U+ o 3:2.02 | u 3:1.74 | 2H 0' (1-2) FT. O/U+ o 4:2.05 | u 4:1.71
01/08/2026 17:52,SABA INTERNATIONAL FRIENDLY Virtual PES 21 - 20 Mins Play,Denmark (V),Serbia (V),3-1,5,3,1H 0' | 1H 0' | 1H 3' | 1H 7' | 2H 4' | 2H 5' | 2H 7' | 2H 7' | 2H 8',o 8.5:4.23 | u 8.5:1.15,o 4.5:5.17 | u 4.5:1.08,FT. O/U,o 5.25:1.95 | u 5.25:1.81,,FT. O/U,o 4:1.89 | u 4:1.87,o 2.75:1.74 | u 2.75:2.02,1 - 1,1H 0' (3-3) FT. O/U o 6.5:2.61 | u 6.5:1.38 | 1H 0' (3-3) FT. O/U o 6.5:2.61 | u 6.5:1.38 | 1H 3' (3-3) FT. O/U o 6.5:2.61 | u 6.5:1.38 | 1H 7' (3-3) FT. O/U o 6.5:2.61 | u 6.5:1.38 | 2H 4' (3-3) FT. O/U o 6.5:2.61 | u 6.5:1.38 | 2H 5' (3-3) FT. O/U o 6.5:2.61 | u 6.5:1.38 | 2H 7' (3-3) FT. O/U o 6.5:2.61 | u 6.5:1.38 | 2H 7' (4-3) FT. O/U+ o 7.5:2.67 | u 7.5:1.36 | 2H 8' (5-3) FT. O/U+ o 8.5:3.17 | u 8.5:1.30
01/08/2026 17:53,SABA ENGLISH PREMIER LEAGUE Virtual PES 26 - 15 Mins Play,Brighton & Hove Albion (V),AFC Bournemouth (V),1-1,1,1,1H 2' | 1H 5',o 2.5:4.57 | u 2.5:1.12,o 2.5:6.26 | u 2.5:1.03,FT. O/U,o 3:1.97 | u 3:1.79,,FT. O/U,o 2:1.99 | u 2:1.77,o 0.75:2.00 | u 0.75:1.76,0 - 0,1H 2' (1-0) FT. O/U+ o 2.75:1.92 | u 2.75:1.84 | 1H 5' (1-1) FT. O/U+ o 3.25:2.08 | u 3.25:1.69
01/08/2026 17:53,SABA CLUB FRIENDLY Virtual PES 21 - 15 Mins Play,Real Madrid (V),Bayern Munchen (V),0-0,1,0,2H 5',o 1.5:4.57 | u 1.5:1.12,o 0.5:6.00 | u 0.5:1.04,FT. O/U,o 1.25:2.08 | u 1.25:1.69,,FT. O/U,o 2.25:1.96 | u 2.25:1.80,o 0.75:1.72 | u 0.75:2.04,0 - 0,2H 5' (1-0) FT. O/U o 0.5:2.28 | u 0.5:1.54
01/08/2026 17:56,SABA CLUB FRIENDLY Virtual PES 21 - 15 Mins Play,Getafe CF (V),Tottenham Hotspur (V),0-2,2,3,1H 3' | 2H 3' | 2H 4' | 2H 4',o 5.5:4.03 | u 5.5:1.17,o 1.5:5.55 | u 1.5:1.06,FT. O/U,o 2.25:1.89 | u 2.25:1.87,,FT. O/U,o 2.5:1.95 | u 2.5:1.81,o 1:2.04 | u 1:1.72,0 - 0,1H 3' (0-1) FT. O/U+ o 3:1.93 | u 3:1.83 | 2H 0' (0-2) FT. O/U+ o 3.25:1.98 | u 3.25:1.78 | 2H 4' (2-2) FT. O/U+ o 4.5:2.18 | u 4.5:1.61 | 2H 4' (2-3) FT. O/U+ o 5.5:2.22 | u 5.5:1.58
01/08/2026 17:56,SABA INTERNATIONAL FRIENDLY Virtual FC 24 - 16 Mins Play,Spain (V),Czech Republic (V),0-0,1,0,2H 5',o 1.5:3.44 | u 1.5:1.17,o 0.5:3.63 | u 0.5:1.14,FT. O/U,o 1.25:1.74 | u 1.25:2.02,,FT. O/U,o 2.25:1.77 | u 2.25:1.99,o 1:1.89 | u 1:1.87,0 - 0,2H 5' (1-0) FT. O/U+ o 1.5:2.37 | u 1.5:1.49
01/08/2026 18:05,SABA INTERNATIONAL FRIENDLY Virtual PES 21 - 20 Mins Play,Argentina (V),Germany (V),1-1,3,1,1H 9' | 1H 9' | 1H 9' | 2H 5' | 2H 7',o 4.5:4.23 | u 4.5:1.15,o 1.5:4.45 | u 1.5:1.13,FT. O/U,o 3.5:1.83 | u 3.5:1.93,,FT. O/U,o 3.25:1.99 | u 3.25:1.77,o 1.5:1.88 | u 1.5:1.88,0 - 0,1H 9' (0-0) FT. O/U o 1.75:1.88 | u 1.75:1.88 | 1H 9' (1-0) FT. O/U+ o 2.75:1.90 | u 2.75:1.86 | 1H 9' (1-1) FT. O/U o 3.5:1.76 | u 3.5:2.00 | 2H 5' (2-1) FT. O/U+ o 3.75:1.93 | u 3.75:1.83 | 2H 7' (3-1) FT. O/U o 3.5:2.14 | u 3.5:1.64
01/08/2026 18:10,SABA CLUB FRIENDLY Virtual PES 21 - 15 Mins Play,Atletico de Madrid (V),Inter Milan (V),0-0,0,0,,o 0.5:4.57 | u 0.5:1.12,o 0.5:6.00 | u 0.5:1.04,FT. O/U,o 1:1.77 | u 1:1.99,,FT. O/U,o 2:2.01 | u 2:1.75,o 0.75:1.86 | u 0.75:1.90,0 - 0,
01/08/2026 18:12,SABA CLUB FRIENDLY Virtual PES 21 - 15 Mins Play,AS Roma (V),Torino (V),0-2,2,2,1H 2' | 1H 7' | 2H 3' | 2H 4',o 4.5:6.00 | u 4.5:1.04,o 1.5:6.56 | u 1.5:1.02,FT. O/U,o 2.75:1.87 | u 2.75:1.89,,FT. O/U,o 1.5:1.83 | u 1.5:1.93,o 0.5:2.02 | u 0.5:1.74,0 - 0,1H 2' (0-1) FT. O/U+ o 2.25:1.80 | u 2.25:1.96 | 1H 7' (0-2) FT. O/U+ o 2.75:1.81 | u 2.75:1.95 | 2H 3' (1-2) FT. O/U+ o 3.5:2.35 | u 3.5:1.50 | 2H 4' (2-2) FT. O/U+ o 4.5:2.64 | u 4.5:1.37
01/08/2026 18:13,SABA INTERNATIONAL FRIENDLY Virtual FC 24 - 16 Mins Play,Belgium (V),Sweden (V),2-2,3,3,1H 1' | 1H 3' | 1H 5' | 2H 4' | 2H 6',o 6.5:4.23 | u 6.5:1.07,o 3.5:3.94 | u 3.5:1.10,FT. O/U,o 4.5:1.92 | u 4.5:1.84,,FT. O/U,o 3.5:1.77 | u 3.5:1.99,o 2:1.72 | u 2:2.04,1 - 0,1H 1' (1-0) FT. O/U+ o 3.5:1.77 | u 3.5:1.99 | 1H 3' (1-1) FT. O/U+ o 4.25:1.75 | u 4.25:2.01 | 1H 5' (1-2) FT. O/U+ o 4.75:1.73 | u 4.75:2.03 | 2H 1' (2-2) FT. O/U+ o 5.25:1.85 | u 5.25:1.91 | 2H 6' (3-3) FT. O/U+ o 6.5:3.44 | u 6.5:1.17
01/08/2026 18:16,SABA INTERNATIONAL FRIENDLY Virtual PES 21 - 20 Mins Play,Georgia (V),New Zealand (V),0-1,1,2,1H 9' | 2H 6' | 2H 9',o 2.5:4.57 | u 2.5:1.12,o 0.5:4.45 | u 0.5:1.13,FT. O/U,o 2.25:1.96 | u 2.25:1.80,,FT. O/U,o 2.25:1.84 | u 2.25:1.92,o 1.25:2.02 | u 1.25:1.74,0 - 0,1H 9' (0-1) FT. O/U+ o 2.25:1.96 | u 2.25:1.80 | 2H 6' (0-2) FT. O/U+ o 2.5:1.98 | u 2.5:1.78 | 2H 9' (1-2)
01/08/2026 18:16,SABA INTERNATIONAL FRIENDLY Virtual PES 21 - 20 Mins Play,Nigeria (V),Belgium (V),0-1,1,1,1H 0' | 2H 6',o 2.5:4.33 | u 2.5:1.14,o 1.5:4.45 | u 1.5:1.13,FT. O/U,o 2.25:1.73 | u 2.25:2.03,,FT. O/U,o 3.5:1.99 | u 3.5:1.77,o 2.25:2.04 | u 2.25:1.72,0 - 1,1H 0' (0-1) FT. O/U o 2.75:1.81 | u 2.75:1.95 | 2H 6' (1-1) FT. O/U+ o 2.5:2.20 | u 2.5:1.59
01/08/2026 18:23,SABA CLUB FRIENDLY Virtual PES 21 - 15 Mins Play,Napoli (V),Sevilla (V),0-1,0,1,1H 5',o 1.5:5.17 | u 1.5:1.08,o 1.5:6.00 | u 1.5:1.04,FT. O/U,o 2:1.92 | u 2:1.84,,FT. O/U,o 2:1.82 | u 2:1.94,o 1:1.99 | u 1:1.77,0 - 0,1H 5' (0-1) FT. O/U+ o 2.25:1.84 | u 2.25:1.92
01/08/2026 18:27,SABA INTERNATIONAL FRIENDLY Virtual FC 24 - 16 Mins Play,USA (V),Mexico (V),1-0,1,0,1H 2',o 1.5:3.44 | u 1.5:1.17,o 1.5:3.86 | u 1.5:1.11,FT. O/U,o 2.25:2.03 | u 2.25:1.73,,FT. O/U,o 2.25:1.77 | u 2.25:1.99,o 1:1.98 | u 1:1.78,0 - 0,1H 2' (1-0) FT. O/U+ o 3:1.75 | u 3:2.01
01/08/2026 18:29,SABA INTERNATIONAL FRIENDLY Virtual PES 21 - 20 Mins Play,Burkina Faso (V),South Africa (V),0-1,1,1,1H 7' | 2H 8',o 2.5:5.55 | u 2.5:1.06,o 1.5:6.00 | u 1.5:1.04,FT. O/U,o 1.75:1.67 | u 1.75:2.10,,FT. O/U,o 1.75:1.90 | u 1.75:1.86,o 0.75:2.04 | u 0.75:1.72,0 - 0,1H 7' (0-1) FT. O/U+ o 2:1.76 | u 2:2.00 | 2H 8' (1-1) FT. O/U+ o 2.5:4.85 | u 2.5:1.10
01/08/2026 18:32,SABA INTERNATIONAL FRIENDLY Virtual PES 21 - 20 Mins Play,Bulgaria (V),Israel (V),0-1,0,2,1H 1' | 2H 8',o 2.5:5.17 | u 2.5:1.08,o 1.5:5.17 | u 1.5:1.08,FT. O/U,o 2.25:2.08 | u 2.25:1.69,,FT. O/U,o 3:1.76 | u 3:2.00,o 2:2.06 | u 2:1.70,0 - 1,1H 1' (0-1) FT. O/U+ o 3:1.76 | u 3:2.00 | 2H 8' (0-2) FT. O/U+ o 2.5:3.44 | u 2.5:1.25
01/08/2026 18:36,SABA VIETNAM V LEAGUE 1 Virtual PES 24 - 15 Mins Play,Nam Dinh (V),Ho Chi Minh City FC (V),0-1,1,1,1H 5' | 2H 4',o 2.5:6.88 | u 2.5:1.01,o 1.5:6.88 | u 1.5:1.01,FT. O/U,o 1.5:1.97 | u 1.5:1.79,,FT. O/U,o 1.25:2.01 | u 1.25:1.75,o 0.5:1.91 | u 0.5:1.85,0 - 0,1H 5' (0-1) FT. O/U+ o 1.75:1.95 | u 1.75:1.81 | 2H 4' (1-1) FT. O/U+ o 2.5:3.78 | u 2.5:1.20
01/08/2026 18:37,SABA VIETNAM V LEAGUE 1 Virtual PES 24 - 15 Mins Play,Hai Phong FC (V),Becamex Binh Duong (V),0-0,0,1,2H 3',o 1.5:5.76 | u 1.5:1.05,o 0.5:6.00 | u 0.5:1.04,FT. O/U,o 0.75:1.92 | u 0.75:1.84,,FT. O/U,o 1.25:1.95 | u 1.25:1.81,o 0.5:2.06 | u 0.5:1.70,0 - 0,2H 3' (0-1) FT. O/U+ o 1.5:2.32 | u 1.5:1.52
01/08/2026 18:39,SABA CLUB FRIENDLY Virtual PES 21 - 15 Mins Play,Girondins de Bordeaux (V),Olympique Lyonnais (V),1-0,1,1,1H 6' | 2H 7',o 1.5:5.35 | u 1.5:1.07,o 1.5:6.56 | u 1.5:1.02,FT. O/U,o 1.75:1.67 | u 1.75:2.10,,FT. O/U,o 1.75:2.00 | u 1.75:1.76,o 0.75:1.95 | u 0.75:1.81,0 - 0,1H 6' (1-0) FT. O/U+ o 2:2.04 | u 2:1.72 | 2H 7' (1-1)
01/08/2026 18:40,SABA INTERNATIONAL FRIENDLY Virtual FC 24 - 16 Mins Play,Croatia (V),Poland (V),2-0,3,1,1H 4' | 2H 5' | 2H 6',o 4.5:3.63 | u 4.5:1.14,o 1.5:4.57 | u 1.5:1.04,FT. O/U,o 2:1.76 | u 2:2.00,,FT. O/U,o 1.75:1.99 | u 1.75:1.77,o 0.5:1.79 | u 0.5:1.97,0 - 0,1H 4' (1-0) FT. O/U+ o 2.25:1.74 | u 2.25:2.02 | 2H 0' (2-0) FT. O/U+ o 3:1.67 | u 3:2.10 | 2H 6' (3-1) FT. O/U+ o 4.5:2.67 | u 4.5:1.36
01/08/2026 18:44,SABA CLUB FRIENDLY Virtual PES 21 - 15 Mins Play,Bayern Munchen (V),Paris Saint Germain (V),1-1,1,1,1H 1' | 1H 5',o 2.5:4.03 | u 2.5:1.17,o 2.5:4.70 | u 2.5:1.11,FT. O/U,o 3.5:1.76 | u 3.5:2.00,,FT. O/U,o 3.5:1.80 | u 3.5:1.96,o 2.25:1.99 | u 2.25:1.77,1 - 0,1H 1' (1-0) FT. O/U+ o 3.5:1.80 | u 3.5:1.96 | 1H 5' (1-1) FT. O/U+ o 4:1.81 | u 4:1.95
01/08/2026 18:47,SABA INTERNATIONAL FRIENDLY Virtual PES 21 - 20 Mins Play,Russia (V),Germany (V),0-2,2,2,1H 0' | 1H 2' | 2H 3' | 2H 9',o 4.5:3.86 | u 4.5:1.19,o 2.5:4.70 | u 2.5:1.11,FT. O/U,o 3.25:2.10 | u 3.25:1.67,,FT. O/U,o 3.25:1.84 | u 3.25:1.92,o 2:1.72 | u 2:2.04,0 - 1,1H 0' (0-1) FT. O/U+ o 3.5:1.92 | u 3.5:1.84 | 1H 2' (0-2) FT. O/U+ o 4.25:1.86 | u 4.25:1.90 | 2H 3' (1-2) FT. O/U+ o 3.75:2.02 | u 3.75:1.74 | 2H 9' (2-2) FT. O/U+ o 4.5:3.86 | u 4.5:1.19
01/08/2026 18:47,SABA INTERNATIONAL FRIENDLY Virtual PES 21 - 20 Mins Play,Philippines (V),India (V),2-0,2,0,1H 4' | 1H 8',o 2.5:4.03 | u 2.5:1.17,o 2.5:4.57 | u 2.5:1.12,FT. O/U,o 3.5:1.98 | u 3.5:1.78,,FT. O/U,o 2.75:1.99 | u 2.75:1.77,o 1.25:2.08 | u 1.25:1.69,0 - 0,1H 4' (1-0) FT. O/U+ o 3.25:2.01 | u 3.25:1.75 | 1H 8' (2-0) FT. O/U+ o 3.5:1.76 | u 3.5:2.00
01/08/2026 18:54,SABA ENGLISH PREMIER LEAGUE Virtual PES 26 - 15 Mins Play,Everton (V),Aston Villa (V),0-0,0,0,,o 0.5:5.35 | u 0.5:1.07,o 0.5:6.56 | u 0.5:1.02,FT. O/U,o 0.75:1.80 | u 0.75:1.96,,FT. O/U,o 1.5:1.93 | u 1.5:1.83,o 0.5:1.77 | u 0.5:1.99,0 - 0,
01/08/2026 18:55,SABA CLUB FRIENDLY Virtual PES 21 - 15 Mins Play,Atletico de Madrid (V),Manchester United (V),1-1,2,1,1H 0' | 2H 7',o 2.5:3.17 | u 2.5:1.30,o 1.5:5.55 | u 1.5:1.06,FT. O/U,o 2.25:1.74 | u 2.25:2.02,,FT. O/U,o 3.5:1.96 | u 3.5:1.80,o 2.25:2.05 | u 2.25:1.71,1 - 0,1H 0' (1-0) FT. O/U+ o 3.75:1.86 | u 3.75:1.90 | 2H 1' (1-1) FT. O/U+ o 3.25:2.06 | u 3.25:1.70
01/08/2026 18:57,SABA INTERNATIONAL FRIENDLY Virtual FC 24 - 16 Mins Play,Denmark (V),Ukraine (V),2-1,3,1,1H 4' | 1H 7' | 2H 7',o 3.5:3.56 | u 3.5:1.15,o 1.5:4.23 | u 1.5:1.07,FT. O/U,o 3.25:1.95 | u 3.25:1.81,,FT. O/U,o 2.5:1.96 | u 2.5:1.80,o 1:1.79 | u 1:1.97,0 - 0,1H 4' (1-0) FT. O/U+ o 3:2.00 | u 3:1.76 | 1H 7' (1-1) FT. O/U+ o 3.25:1.88 | u 3.25:1.88 | 2H 0' (2-1) FT. O/U o 4.25:1.88 | u 4.25:1.88
01/08/2026 19:01,SABA INTERNATIONAL FRIENDLY Virtual PES 21 - 20 Mins Play,North Korea (V),Bahrain (V),0-1,0,2,1H 2' | 2H 6',o 2.5:4.70 | u 2.5:1.11,o 1.5:4.45 | u 1.5:1.13,FT. O/U,o 2.5:1.96 | u 2.5:1.80,,FT. O/U,o 3:1.89 | u 3:1.87,o 1.25:1.76 | u 1.25:2.00,0 - 0,1H 2' (0-1) FT. O/U+ o 3.75:1.76 | u 3.75:2.00 | 2H 6' (0-2) FT. O/U+ o 2.5:2.00 | u 2.5:1.76
01/08/2026 19:04,SABA INTERNATIONAL FRIENDLY Virtual PES 21 - 20 Mins Play,Netherlands (V),Nigeria (V),3-1,4,2,1H 2' | 1H 6' | 1H 9' | 1H 9' | 2H 8' | 2H 10',o 5.5:4.13 | u 5.5:1.16,o 3.5:4.45 | u 3.5:1.13,FT. O/U,o 5.25:1.92 | u 5.25:1.84,,FT. O/U,o 2.25:1.84 | u 2.25:1.92,o 1:2.01 | u 1:1.75,0 - 0,1H 2' (1-0) FT. O/U+ o 3:1.74 | u 3:2.02 | 1H 6' (2-0) FT. O/U+ o 3.5:1.78 | u 3.5:1.98 | 1H 9' (3-0) FT. O/U+ o 4.25:1.72 | u 4.25:2.04 | 1H 9' (3-1) FT. O/U+ o 5.25:1.79 | u 5.25:1.97 | 2H 8' (4-1) FT. O/U+ o 5.5:3.63 | u 5.5:1.22 | 2H 10' (4-2)
01/08/2026 19:06,SABA CLUB FRIENDLY Virtual PES 21 - 15 Mins Play,Arminia Bielefeld (V),Real Sociedad (V),0-0,0,0,,o 0.5:4.33 | u 0.5:1.14,o 0.5:6.26 | u 0.5:1.03,FT. O/U,o 1.25:1.88 | u 1.25:1.88,,FT. O/U,o 2.25:1.83 | u 2.25:1.93,o 0.75:1.69 | u 0.75:2.08,0 - 0,
01/08/2026 19:11,SABA CLUB FRIENDLY Virtual PES 21 - 15 Mins Play,Everton (V),FC Koln (V),1-0,1,1,1H 5' | 2H 2',o 2.5:4.85 | u 2.5:1.10,o 1.5:6.00 | u 1.5:1.04,FT. O/U,o 2:2.02 | u 2:1.74,,FT. O/U,o 1.75:1.96 | u 1.75:1.80,o 0.75:2.03 | u 0.75:1.73,0 - 0,1H 5' (1-0) FT. O/U+ o 2:1.78 | u 2:1.98 | 2H 2' (1-1) FT. O/U+ o 2.75:2.05 | u 2.75:1.71
01/08/2026 19:13,SABA INTERNATIONAL FRIENDLY Virtual FC 24 - 16 Mins Play,England (V),Portugal (V),2-0,3,0,1H 0' | 1H 2' | 2H 4',o 3.5:3.56 | u 3.5:1.15,o 2.5:4.23 | u 2.5:1.07,FT. O/U,o 3.25:1.79 | u 3.25:1.97,,FT. O/U,o 3.25:1.78 | u 3.25:1.98,o 1.75:1.67 | u 1.75:2.10,1 - 0,1H 0' (1-0) FT. O/U+ o 3.5:1.79 | u 3.5:1.97 | 1H 2' (2-0) FT. O/U+ o 4.25:1.87 | u 4.25:1.89 | 2H 4' (3-0) FT. O/U+ o 3.5:1.93 | u 3.5:1.83
01/08/2026 19:19,SABA INTERNATIONAL FRIENDLY Virtual PES 21 - 20 Mins Play,Portugal (V),Italy (V),1-2,1,3,1H 1' | 1H 7' | 1H 10' | 2H 4',o 4.5:4.45 | u 4.5:1.13,o 2.5:4.23 | u 2.5:1.15,FT. O/U,o 4.5:1.84 | u 4.5:1.92,,FT. O/U,o 4:1.92 | u 4:1.84,o 2.25:1.98 | u 2.25:1.78,0 - 1,1H 1' (0-1) FT. O/U+ o 4:1.92 | u 4:1.84 | 1H 7' (1-1) FT. O/U+ o 3.75:1.78 | u 3.75:1.98 | 1H 10' (1-2) FT. O/U o 3.5:1.83 | u 3.5:1.93 | 2H 4' (1-3) FT. O/U+ o 4.75:1.76 | u 4.75:2.00
01/08/2026 19:20,SABA INTERNATIONAL FRIENDLY Virtual PES 21 - 20 Mins Play,Colombia (V),Argentina (V),2-2,4,4,1H 0' | 1H 1' | 1H 1' | 2H 3' | 2H 3' | 2H 5' | 2H 6',o 8.5:3.70 | u 8.5:1.21,o 3.5:5.55 | u 3.5:1.06,FT. O/U,o 4.5:1.94 | u 4.5:1.82,,FT. O/U,o 5.25:1.98 | u 5.25:1.78,o 3.75:1.67 | u 3.75:2.10,1 - 2,1H 0' (1-0) FT. O/U+ o 3.5:1.79 | u 3.5:1.97 | 1H 1' (1-1) FT. O/U+ o 4.25:1.82 | u 4.25:1.94 | 1H 1' (1-2) FT. O/U+ o 5:1.73 | u 5:2.03 | 2H 1' (2-2) FT. O/U+ o 5:1.72 | u 5:2.04 | 2H 3' (2-4) FT. O/U+ o 6.75:1.99 | u 6.75:1.77 | 2H 5' (3-4) FT. O/U+ o 7.5:1.93 | u 7.5:1.83 | 2H 6' (4-4) FT. O/U+ o 8.5:2.18 | u 8.5:1.61
01/08/2026 19:23,SABA ENGLISH PREMIER LEAGUE Virtual PES 26 - 15 Mins Play,Fulham (V),Tottenham Hotspur (V),0-0,0,0,,o 0.5:5.17 | u 0.5:1.08,o 0.5:6.56 | u 0.5:1.02,FT. O/U,o 0.75:1.71 | u 0.75:2.05,,FT. O/U,o 1.5:1.79 | u 1.5:1.97,o 0.5:1.72 | u 0.5:2.04,0 - 0,
01/08/2026 19:23,SABA CLUB FRIENDLY Virtual PES 21 - 15 Mins Play,Lille OSC (V),Bayer 04 Leverkusen (V),1-0,1,0,1H 2',o 1.5:4.03 | u 1.5:1.17,o 1.5:6.56 | u 1.5:1.02,FT. O/U,o 2:2.06 | u 2:1.70,,FT. O/U,o 1.75:1.98 | u 1.75:1.78,o 0.75:2.01 | u 0.75:1.75,0 - 0,1H 2' (1-0) FT. O/U+ o 2.5:1.92 | u 2.5:1.84
01/08/2026 19:25,SABA INTERNATIONAL FRIENDLY Virtual FC 24 - 16 Mins Play,Romania (V),Finland (V),1-0,1,0,2H 1',o 1.5:3.63 | u 1.5:1.14,o 0.5:4.45 | u 0.5:1.05,FT. O/U,o 1:2.08 | u 1:1.69,,FT. O/U,o 1.5:2.03 | u 1.5:1.73,o 0.5:2.06 | u 0.5:1.70,0 - 0,2H 1' (1-0) FT. O/U+ o 1.75:1.83 | u 1.75:1.93
01/08/2026 19:28,SABA CLUB FRIENDLY Virtual PES 21 - 15 Mins Play,Juventus (V),Torino (V),0-0,1,0,2H 2',o 1.5:4.70 | u 1.5:1.11,o 0.5:5.55 | u 0.5:1.06,FT. O/U,o 1.25:1.95 | u 1.25:1.81,,FT. O/U,o 2.25:1.77 | u 2.25:1.99,o 1:1.95 | u 1:1.81,0 - 0,2H 2' (1-0) FT. O/U+ o 1.75:1.66 | u 1.75:2.11
01/08/2026 19:31,SABA INTERNATIONAL FRIENDLY Virtual PES 21 - 20 Mins Play,Czech Republic (V),Norway (V),0-0,1,0,2H 3',o 1.5:5.17 | u 1.5:1.08,o 0.75:5.55 | u 0.75:1.06,FT. O/U,o 1.25:1.89 | u 1.25:1.87,,FT. O/U,o 2.25:1.91 | u 2.25:1.85,o 1:1.78 | u 1:1.98,0 - 0,2H 3' (1-0) FT. O/U+ o 2:2.04 | u 2:1.72
01/08/2026 19:34,SABA INTERNATIONAL FRIENDLY Virtual PES 21 - 20 Mins Play,Tunisia (V),Ukraine (V),2-1,3,1,1H 1' | 1H 7' | 1H 10' | 2H 5',o 4.5:5.17 | u 4.5:1.08,o 2.5:4.57 | u 2.5:1.12,FT. O/U,o 4.25:2.08 | u 4.25:1.69,,FT. O/U,o 3:1.74 | u 3:2.02,o 2:2.08 | u 2:1.69,0 - 1,1H 1' (0-1) FT. O/U+ o 3:1.74 | u 3:2.02 | 1H 7' (1-1) FT. O/U+ o 3.5:1.98 | u 3.5:1.78 | 1H 10' (2-1) FT. O/U+ o 4.25:2.08 | u 4.25:1.69 | 2H 5' (3-1) FT. O/U+ o 4.5:2.10 | u 4.5:1.67
01/08/2026 19:39,SABA VIETNAM V LEAGUE 1 Virtual PES 24 - 15 Mins Play,Song Lam Nghe An (V),SHB Da Nang FC (V),1-0,2,0,1H 4' | 2H 2',o 2.5:5.55 | u 2.5:1.06,o 1.5:6.88 | u 1.5:1.01,FT. O/U,o 1.75:1.85 | u 1.75:1.91,,FT. O/U,o 1.5:1.82 | u 1.5:1.94,o 0.5:1.93 | u 0.5:1.83,0 - 0,1H 4' (1-0) FT. O/U+ o 2:1.73 | u 2:2.03 | 2H 2' (2-0) FT. O/U+ o 2.5:1.97 | u 2.5:1.79
01/08/2026 19:40,SABA VIETNAM V LEAGUE 1 Virtual PES 24 - 15 Mins Play,The Cong - Viettel (V),Becamex Binh Duong (V),1-0,1,0,1H 0',o 1.5:5.76 | u 1.5:1.05,o 1.5:6.56 | u 1.5:1.02,FT. O/U,o 1.75:1.85 | u 1.75:1.91,,FT. O/U,o 2.5:1.98 | u 2.5:1.78,o 1.5:1.72 | u 1.5:2.04,1 - 0,1H 0' (1-0) FT. O/U+ o 2.5:1.83 | u 2.5:1.93
01/08/2026 19:41,SABA CLUB FRIENDLY Virtual PES 21 - 15 Mins Play,Valencia CF (V),Tottenham Hotspur (V),0-0,1,2,2H 5' | 2H 5',o 3.5:4.57 | u 3.5:1.12,o 0.5:4.70 | u 0.5:1.11,FT. O/U,o 1.5:1.98 | u 1.5:1.78,,FT. O/U,o 2.5:1.79 | u 2.5:1.97,o 1.25:1.99 | u 1.25:1.77,0 - 0,2H 2' (0-1) FT. O/U+ o 1.75:1.70 | u 1.75:2.06 | 2H 5' (1-2) FT. O/U+ o 3.5:2.72 | u 3.5:1.34
01/08/2026 19:42,SABA CLUB FRIENDLY Virtual PES 21 - 15 Mins Play,Atalanta (V),Manchester City (V),1-0,2,0,2H 4',o 2.5:4.70 | u 2.5:1.11,o 0.5:6.00 | u 0.5:1.04,FT. O/U,o 1:1.63 | u 1:2.15,,FT. O/U,o 2:1.78 | u 2:1.98,o 1:1.99 | u 1:1.77,0 - 0,2H 1' (1-0) FT. O/U o 1.75:1.70 | u 1.75:2.06
01/08/2026 19:44,SABA INTERNATIONAL FRIENDLY Virtual PES 21 - 20 Mins Play,Bosnia-Herzegovina (V),Austria (V),0-1,0,1,1H 1',o 1.5:4.85 | u 1.5:1.10,o 1.5:5.35 | u 1.5:1.07,FT. O/U,o 2.25:2.02 | u 2.25:1.74,,FT. O/U,o 3:1.76 | u 3:2.00,o 2:2.02 | u 2:1.74,0 - 1,1H 1' (0-1) FT. O/U+ o 3:1.76 | u 3:2.00
01/08/2026 19:45,SABA INTERNATIONAL FRIENDLY Virtual FC 24 - 16 Mins Play,Ghana (V),Belgium (V),0-1,0,2,1H 1' | 2H 5',o 2.5:3.33 | u 2.5:1.19,o 1.5:3.94 | u 1.5:1.10,FT. O/U,o 2.5:1.93 | u 2.5:1.83,,FT. O/U,o 4:2.00 | u 4:1.76,o 2.25:2.02 | u 2.25:1.74,0 - 1,1H 1' (0-1) FT. O/U+ o 4:1.94 | u 4:1.82 | 2H 5' (0-2) FT. O/U+ o 2.5:1.99 | u 2.5:1.77
01/08/2026 19:49,SABA INTERNATIONAL FRIENDLY Virtual PES 21 - 20 Mins Play,Uruguay (V),Algeria (V),1-1,2,1,1H 5' | 2H 2',o 3.5:4.45 | u 3.5:1.13,o 1.5:4.13 | u 1.5:1.16,FT. O/U,o 3:1.96 | u 3:1.80,,FT. O/U,o 3.75:1.89 | u 3.75:1.87,o 1.75:1.99 | u 1.75:1.77,0 - 0,1H 5' (0-1) FT. O/U o 3.75:1.91 | u 3.75:1.85 | 2H 0' (1-1) FT. O/U+ o 3.75:1.78 | u 3.75:1.98
01/08/2026 19:52,SABA CLUB FRIENDLY Virtual PES 21 - 15 Mins Play,FC Koln (V),Bayern Munchen (V),0-0,0,1,2H 5',o 1.5:5.17 | u 1.5:1.08,o 0.5:6.56 | u 0.5:1.02,FT. O/U,o 1:1.88 | u 1:1.88,,FT. O/U,o 1.75:1.94 | u 1.75:1.82,o 0.75:2.00 | u 0.75:1.76,0 - 0,2H 5' (0-1) FT. O/U+ o 1.5:2.54 | u 1.5:1.41
01/08/2026 19:53,SABA ENGLISH PREMIER LEAGUE Virtual PES 26 - 15 Mins Play,Ipswich Town (V),Coventry City (V),0-1,0,2,1H 2' | 2H 2',o 2.5:4.70 | u 2.5:1.11,o 1.5:6.00 | u 1.5:1.04,FT. O/U,o 2:1.81 | u 2:1.95,,FT. O/U,o 2:1.89 | u 2:1.87,o 1:2.09 | u 1:1.68,0 - 0,1H 2' (0-1) FT. O/U+ o 2.75:1.88 | u 2.75:1.88 | 2H 2' (0-2) FT. O/U+ o 2.75:1.91 | u 2.75:1.85
01/08/2026 19:53,SABA CLUB FRIENDLY Virtual PES 21 - 15 Mins Play,Everton (V),Manchester United (V),0-2,0,2,1H 2' | 1H 5',o 2.5:4.57 | u 2.5:1.12,o 2.5:4.45 | u 2.5:1.13,FT. O/U,o 3.25:1.80 | u 3.25:1.96,,FT. O/U,o 2.75:1.93 | u 2.75:1.83,o 1:1.70 | u 1:2.06,0 - 0,1H 2' (0-1) FT. O/U+ o 3.5:1.93 | u 3.5:1.83 | 1H 5' (0-2) FT. O/U+ o 3.5:1.76 | u 3.5:2.00
01/08/2026 19:56,SABA INTERNATIONAL FRIENDLY Virtual FC 24 - 16 Mins Play,Ukraine (V),Argentina (V),0-0,1,1,2H 3' | 2H 5',o 2.5:3.33 | u 2.5:1.19,o 0.5:4.23 | u 0.5:1.07,FT. O/U,o 1:1.70 | u 1:2.06,,FT. O/U,o 2.25:1.86 | u 2.25:1.90,o 1:1.75 | u 1:2.01,0 - 0,2H 3' (1-0) FT. O/U+ o 1.75:1.88 | u 1.75:1.88 | 2H 5' (1-1) FT. O/U+ o 2.5:2.16 | u 2.5:1.62
01/08/2026 20:00,SABA INTERNATIONAL FRIENDLY Virtual PES 21 - 20 Mins Play,Belarus (V),Canada (V),0-0,0,1,2H 2',o 1.5:5.17 | u 1.5:1.08,o 0.5:6.88 | u 0.5:1.01,FT. O/U,o 1:2.08 | u 1:1.69,,FT. O/U,o 1.75:1.97 | u 1.75:1.79,o 0.75:1.95 | u 0.75:1.81,0 - 0,2H 2' (0-1) FT. O/U+ o 1.75:1.97 | u 1.75:1.79
01/08/2026 20:04,SABA INTERNATIONAL FRIENDLY Virtual PES 21 - 20 Mins Play,Sweden (V),Turkey (V),0-0,1,2,2H 7',o 3.5:5.00 | u 3.5:1.09,o 0.5:5.76 | u 0.5:1.05,FT. O/U,o 1.25:2.10 | u 1.25:1.67,,FT. O/U,o 2:1.83 | u 2:1.93,o 1:2.08 | u 1:1.69,0 - 0,2H 2' (0-1) FT. O/U+ o 2:1.92 | u 2:1.84
01/08/2026 20:11,SABA CLUB FRIENDLY Virtual PES 21 - 15 Mins Play,Borussia Dortmund (V),Inter Milan (V),1-0,1,1,1H 2' | 2H 3',o 2.5:5.00 | u 2.5:1.09,o 1.5:6.56 | u 1.5:1.02,FT. O/U,o 2:1.84 | u 2:1.92,,FT. O/U,o 1.75:1.74 | u 1.75:2.02,o 0.75:2.04 | u 0.75:1.72,0 - 0,1H 2' (1-0) FT. O/U+ o 2.75:1.97 | u 2.75:1.79 | 2H 3' (1-1) FT. O/U+ o 2.5:2.06 | u 2.5:1.70
01/08/2026 20:15,SABA INTERNATIONAL FRIENDLY Virtual FC 24 - 16 Mins Play,Norway (V),Finland (V),0-1,0,2,1H 5' | 2H 6',o 2.5:3.70 | u 2.5:1.13,o 1.5:4.03 | u 1.5:1.09,FT. O/U,o 2.25:1.87 | u 2.25:1.89,,FT. O/U,o 2.25:1.90 | u 2.25:1.86,o 1:1.81 | u 1:1.95,0 - 0,1H 5' (0-1) FT. O/U+ o 2.75:1.93 | u 2.75:1.83 | 2H 6' (0-2) FT. O/U+ o 2.5:2.96 | u 2.5:1.27
01/08/2026 20:17,SABA INTERNATIONAL FRIENDLY Virtual PES 21 - 20 Mins Play,France (V),Portugal (V),1-2,1,2,1H 6' | 1H 7' | 2H 1',o 3.5:4.33 | u 3.5:1.14,o 2.5:3.70 | u 2.5:1.21,FT. O/U,o 3.75:1.84 | u 3.75:1.92,,FT. O/U,o 3.5:1.86 | u 3.5:1.90,o 1.5:1.81 | u 1.5:1.95,0 - 0,1H 6' (0-1) FT. O/U+ o 3.25:1.78 | u 3.25:1.98 | 1H 7' (1-1) FT. O/U+ o 4.25:1.90 | u 4.25:1.86 | 2H 1' (1-2) FT. O/U+ o 4.5:1.87 | u 4.5:1.89
01/08/2026 20:18,SABA INTERNATIONAL FRIENDLY Virtual PES 21 - 20 Mins Play,Croatia (V),England (V),0-0,1,1,2H 7' | 2H 9',o 1.5:3.56 | u 1.5:1.23,o 0.5:4.45 | u 0.5:1.13,FT. O/U,o 2:1.96 | u 2:1.80,,FT. O/U,o 3.5:1.81 | u 3.5:1.95,o 1.75:2.00 | u 1.75:1.76,0 - 0,2H 7' (0-1) FT. O/U+ o 1.5:1.88 | u 1.5:1.88 | 2H 9' (1-1)
01/08/2026 20:21,SABA ENGLISH PREMIER LEAGUE Virtual PES 26 - 15 Mins Play,Leeds United (V),Manchester City (V),0-0,0,1,2H 7',o 0.5:5.00 | u 0.5:1.09,o 0.5:6.56 | u 0.5:1.02,FT. O/U,o 0.75:1.67 | u 0.75:2.10,,FT. O/U,o 1.75:2.01 | u 1.75:1.75,o 0.5:1.72 | u 0.5:2.04,0 - 0,2H 7' (0-1)
01/08/2026 20:23,SABA CLUB FRIENDLY Virtual PES 21 - 15 Mins Play,Barcelona (V),CA Osasuna (V),0-0,1,0,2H 4',o 1.5:5.17 | u 1.5:1.08,o 0.5:6.56 | u 0.5:1.02,FT. O/U,o 1:1.91 | u 1:1.85,,FT. O/U,o 2:1.91 | u 2:1.85,o 0.5:1.72 | u 0.5:2.04,0 - 0,2H 4' (1-0) FT. O/U+ o 1.5:2.23 | u 1.5:1.57
01/08/2026 20:25,SABA CLUB FRIENDLY Virtual PES 21 - 15 Mins Play,Manchester City (V),Lille OSC (V),1-2,1,2,1H 4' | 1H 4' | 2H 0',o 3.5:4.45 | u 3.5:1.13,o 2.5:6.26 | u 2.5:1.03,FT. O/U,o 3.25:2.10 | u 3.25:1.67,,FT. O/U,o 2.25:1.99 | u 2.25:1.77,o 0.75:1.79 | u 0.75:1.97,0 - 0,1H 4' (1-0) FT. O/U+ o 2.5:1.77 | u 2.5:1.99 | 1H 4' (1-1) FT. O/U+ o 3.5:2.00 | u 3.5:1.76 | 2H 0' (1-2) FT. O/U+ o 4:1.80 | u 4:1.96
01/08/2026 20:28,SABA INTERNATIONAL FRIENDLY Virtual FC 24 - 16 Mins Play,Germany (V),Morocco (V),1-1,3,1,1H 2' | 2H 4' | 2H 6',o 4.5:3.70 | u 4.5:1.13,o 1.5:3.78 | u 1.5:1.12,FT. O/U,o 2.25:1.96 | u 2.25:1.80,,FT. O/U,o 2.25:1.88 | u 2.25:1.88,o 1:2.00 | u 1:1.76,0 - 0,1H 2' (0-1) FT. O/U+ o 3:1.89 | u 3:1.87 | 2H 0' (1-1) FT. O/U+ o 3.25:1.98 | u 3.25:1.78 | 2H 6' (3-1) FT. O/U+ o 4.5:3.00 | u 4.5:1.26
01/08/2026 20:35,SABA INTERNATIONAL FRIENDLY Virtual PES 21 - 20 Mins Play,Argentina (V),Norway (V),4-1,4,2,1H 1' | 1H 1' | 1H 6' | 1H 8' | 1H 8' | 2H 5',o 6.5:4.33 | u 6.5:1.14,o 5.5:4.45 | u 5.5:1.13,FT. O/U,o 6.5:1.83 | u 6.5:1.93,,FT. O/U,o 5.25:1.83 | u 5.25:1.93,o 3.5:1.81 | u 3.5:1.95,2 - 0,1H 1' (1-0) FT. O/U+ o 4.5:1.89 | u 4.5:1.87 | 1H 1' (2-0) FT. O/U o 5.25:1.82 | u 5.25:1.94 | 1H 6' (3-0) FT. O/U+ o 5.25:1.79 | u 5.25:1.97 | 1H 8' (4-0) FT. O/U+ o 6:1.86 | u 6:1.90 | 1H 8' (4-1) FT. O/U+ o 6.75:1.74 | u 6.75:2.02 | 2H 5' (4-2) FT. O/U+ o 6.75:2.04 | u 6.75:1.72
01/08/2026 20:39,SABA CLUB FRIENDLY Virtual PES 21 - 15 Mins Play,Real Madrid (V),Real Sociedad (V),1-0,1,0,2H 0',o 1.5:4.85 | u 1.5:1.10,o 0.5:5.76 | u 0.5:1.05,FT. O/U,o 1.25:2.02 | u 1.25:1.74,,FT. O/U,o 2:1.76 | u 2:2.00,o 1:1.85 | u 1:1.91,0 - 0,2H 0' (1-0) FT. O/U+ o 2:1.81 | u 2:1.95
01/08/2026 20:39,SABA VIETNAM V LEAGUE 1 Virtual PES 24 - 15 Mins Play,SHB Da Nang FC (V),Binh Dinh (V),0-1,0,2,1H 2' | 2H 5',o 2.5:6.88 | u 2.5:1.01,o 1.5:6.88 | u 1.5:1.01,FT. O/U,o 1.5:2.10 | u 1.5:1.67,,FT. O/U,o 1:1.81 | u 1:1.95,o 0.5:2.16 | u 0.5:1.62,0 - 0,1H 2' (0-1) FT. O/U+ o 1.75:1.66 | u 1.75:2.11 | 2H 5' (0-2) FT. O/U+ o 2.5:4.45 | u 2.5:1.13
01/08/2026 20:39,SABA INTERNATIONAL FRIENDLY Virtual FC 24 - 16 Mins Play,Wales  (V),Belgium (V),1-0,1,0,1H 3',o 1.5:3.50 | u 1.5:1.16,o 1.5:4.45 | u 1.5:1.05,FT. O/U,o 2.25:1.96 | u 2.25:1.80,,FT. O/U,o 2:1.76 | u 2:2.00,o 1:1.96 | u 1:1.80,0 - 0,1H 3' (1-0) FT. O/U+ o 2.75:1.77 | u 2.75:1.99
01/08/2026 20:39,SABA VIETNAM V LEAGUE 1 Virtual PES 24 - 15 Mins Play,Thanh Hoa FC (V),The Cong - Viettel (V),2-0,3,0,1H 5' | 1H 6' | 2H 7',o 2.5:4.85 | u 2.5:1.10,o 2.5:5.76 | u 2.5:1.05,FT. O/U,o 2.75:1.67 | u 2.75:2.10,,FT. O/U,o 2:2.03 | u 2:1.73,o 0.75:1.74 | u 0.75:2.02,0 - 0,1H 5' (1-0) FT. O/U+ o 2.25:2.02 | u 2.25:1.74 | 1H 6' (2-0) FT. O/U+ o 3:1.88 | u 3:1.88 | 2H 7' (3-0)
01/08/2026 20:41,SABA CLUB FRIENDLY Virtual PES 21 - 15 Mins Play,Getafe CF (V),Paris Saint Germain (V),1-0,2,0,1H 1' | 2H 4',o 2.5:4.70 | u 2.5:1.11,o 1.5:4.85 | u 1.5:1.10,FT. O/U,o 2.25:1.81 | u 2.25:1.95,,FT. O/U,o 3.25:1.77 | u 3.25:1.99,o 2:1.83 | u 2:1.93,1 - 0,1H 1' (1-0) FT. O/U+ o 3.5:1.97 | u 3.5:1.79 | 2H 4' (2-0) FT. O/U+ o 2.5:2.06 | u 2.5:1.70
01/08/2026 20:46,SABA INTERNATIONAL FRIENDLY Virtual PES 21 - 20 Mins Play,Egypt (V),Japan (V),1-0,2,0,1H 0' | 2H 6',o 2.5:5.17 | u 2.5:1.08,o 1.5:5.17 | u 1.5:1.08,FT. O/U,o 2:1.92 | u 2:1.84,o 1.5:5.17 | u 1.5:1.08,FT. O/U,o 2.75:1.98 | u 2.75:1.78,o 1.75:1.80 | u 1.75:1.96,1 - 0,1H 0' (1-0) FT. O/U+ o 2.75:1.83 | u 2.75:1.93 | 2H 6' (2-0) 1H. O/U o 1.5:5.17 | u 1.5:1.08
01/08/2026 20:46,SABA INTERNATIONAL FRIENDLY Virtual PES 21 - 20 Mins Play,Tunisia (V),Australia (V),1-0,2,1,1H 2' | 2H 6' | 2H 9',o 2.5:5.17 | u 2.5:1.08,o 1.5:5.00 | u 1.5:1.09,FT. O/U,o 2.25:1.88 | u 2.25:1.88,,FT. O/U,o 2.5:1.86 | u 2.5:1.90,o 1:1.69 | u 1:2.08,0 - 0,1H 2' (1-0) FT. O/U+ o 3.25:1.93 | u 3.25:1.83 | 2H 6' (2-0) FT. O/U+ o 2.5:2.27 | u 2.5:1.55 | 2H 9' (2-1)
01/08/2026 20:54,SABA CLUB FRIENDLY Virtual PES 21 - 15 Mins Play,Borussia Dortmund (V),Bayer 04 Leverkusen (V),1-0,1,1,1H 6' | 2H 5',o 2.5:5.35 | u 2.5:1.07,o 1.5:6.26 | u 1.5:1.03,FT. O/U,o 2:2.04 | u 2:1.72,,FT. O/U,o 1.75:1.91 | u 1.75:1.85,o 0.75:1.97 | u 0.75:1.79,0 - 0,1H 6' (1-0) FT. O/U+ o 2:1.76 | u 2:2.00 | 2H 5' (1-1) FT. O/U+ o 2.5:2.69 | u 2.5:1.35
01/08/2026 20:55,SABA CLUB FRIENDLY Virtual PES 21 - 15 Mins Play,Torino (V),Tottenham Hotspur (V),0-0,1,3,2H 3' | 2H 4' | 2H 5' | 2H 6',o 4.5:4.85 | u 4.5:1.10,o 0.5:6.26 | u 0.5:1.03,FT. O/U,o 1.25:2.03 | u 1.25:1.73,,FT. O/U,o 2.25:1.99 | u 2.25:1.77,o 0.75:1.79 | u 0.75:1.97,0 - 0,2H 3' (0-1) FT. O/U+ o 1.5:1.73 | u 1.5:2.03 | 2H 4' (0-2) FT. O/U o 2.5:2.25 | u 2.5:1.56 | 2H 5' (1-2) FT. O/U+ o 3.5:2.79 | u 3.5:1.32 | 2H 6' (1-3) FT. O/U+ o 4.5:4.70 | u 4.5:1.11
01/08/2026 20:56,SABA ENGLISH PREMIER LEAGUE Virtual PES 26 - 15 Mins Play,Manchester United (V),Newcastle United (V),0-1,1,2,1H 4' | 2H 3' | 2H 6',o 3.5:4.70 | u 3.5:1.11,o 1.5:5.55 | u 1.5:1.06,FT. O/U,o 2:1.74 | u 2:2.02,,FT. O/U,o 2.25:1.91 | u 2.25:1.85,o 1:1.84 | u 1:1.92,0 - 0,1H 4' (0-1) FT. O/U+ o 2.75:2.01 | u 2.75:1.75 | 2H 3' (0-2) FT. O/U+ o 2.5:1.77 | u 2.5:1.99 | 2H 6' (1-2) FT. O/U+ o 3.5:4.33 | u 3.5:1.14
01/08/2026 20:59,SABA INTERNATIONAL FRIENDLY Virtual FC 24 - 16 Mins Play,Hungary (V),Ukraine (V),0-3,0,3,1H 1' | 1H 2' | 1H 4',o 3.5:3.78 | u 3.5:1.12,o 3.5:4.45 | u 3.5:1.05,FT. O/U,o 4.25:1.74 | u 4.25:2.02,,FT. O/U,o 3:1.73 | u 3:2.03,o 1.75:1.79 | u 1.75:1.97,0 - 1,1H 1' (0-1) FT. O/U+ o 3:1.73 | u 3:2.03 | 1H 2' (0-2) FT. O/U+ o 4:1.82 | u 4:1.94 | 1H 4' (0-3) FT. O/U+ o 4.75:1.86 | u 4.75:1.90
01/08/2026 21:03,SABA INTERNATIONAL FRIENDLY Virtual PES 21 - 20 Mins Play,Colombia (V),Algeria (V),1-0,2,0,1H 4' | 2H 10',o 1.5:4.13 | u 1.5:1.16,o 1.5:5.17 | u 1.5:1.08,FT. O/U,o 2.5:1.82 | u 2.5:1.94,,FT. O/U,o 2.75:1.83 | u 2.75:1.93,o 1.25:1.89 | u 1.25:1.87,0 - 0,1H 4' (1-0) FT. O/U+ o 3.25:1.79 | u 3.25:1.97 | 2H 10' (2-0)
01/08/2026 21:03,SABA INTERNATIONAL FRIENDLY Virtual PES 21 - 20 Mins Play,Armenia (V),Georgia (V),1-1,1,2,1H 3' | 1H 7' | 2H 9',o 2.5:4.57 | u 2.5:1.12,o 2.5:5.55 | u 2.5:1.06,FT. O/U,o 3.25:1.95 | u 3.25:1.81,,FT. O/U,o 2.5:1.98 | u 2.5:1.78,o 1:1.71 | u 1:2.05,0 - 0,1H 3' (0-1) FT. O/U+ o 3:1.73 | u 3:2.03 | 1H 7' (1-1) FT. O/U+ o 3.5:1.87 | u 3.5:1.89 | 2H 9' (1-2)
01/08/2026 21:10,SABA CLUB FRIENDLY Virtual PES 21 - 15 Mins Play,Liverpool (V),Napoli (V),0-0,0,0,,o 0.5:4.13 | u 0.5:1.16,o 0.5:5.17 | u 0.5:1.08,FT. O/U,o 1.5:2.00 | u 1.5:1.76,,FT. O/U,o 2.5:1.85 | u 2.5:1.91,o 1:1.71 | u 1:2.05,0 - 0,
01/08/2026 21:11,SABA CLUB FRIENDLY Virtual PES 21 - 15 Mins Play,AS Monaco (V),Arminia Bielefeld (V),2-0,3,2,1H 0' | 1H 7' | 2H 3' | 2H 5' | 2H 5',o 5.5:6.00 | u 5.5:1.04,o 1.75:5.76 | u 1.75:1.05,FT. O/U,o 3:1.80 | u 3:1.96,o 1.75:5.76 | u 1.75:1.05,FT. O/U,o 3:1.82 | u 3:1.94,o 1.75:2.05 | u 1.75:1.71,1 - 0,1H 0' (1-0) FT. O/U+ o 3.5:1.98 | u 3.5:1.78 | 1H 7' (2-0) 1H. O/U o 1.75:5.76 | u 1.75:1.05 | 2H 3' (3-0) 1H. O/U o 1.75:5.76 | u 1.75:1.05 | 2H 5' (3-1) 1H. O/U o 1.75:5.76 | u 1.75:1.05 | 2H 5' (3-2) 1H. O/U o 1.75:5.76 | u 1.75:1.05
01/08/2026 21:12,SABA INTERNATIONAL FRIENDLY Virtual FC 24 - 16 Mins Play,Qatar (V),Czech Republic (V),0-0,0,2,2H 3',o 2.5:3.78 | u 2.5:1.12,o 0.5:4.33 | u 0.5:1.06,FT. O/U,o 1:1.83 | u 1:1.93,o 0.5:4.33 | u 0.5:1.06,FT. O/U,o 1.75:1.84 | u 1.75:1.92,o 0.75:1.91 | u 0.75:1.85,0 - 0,2H 2' (0-1) 1H. O/U o 0.5:4.33 | u 0.5:1.06
01/08/2026 21:16,SABA INTERNATIONAL FRIENDLY Virtual PES 21 - 20 Mins Play,Nigeria (V),Slovakia (V),1-0,1,0,1H 4',o 1.5:4.70 | u 1.5:1.11,o 1.5:4.85 | u 1.5:1.10,FT. O/U,o 2.25:1.87 | u 2.25:1.89,,FT. O/U,o 2.5:1.94 | u 2.5:1.82,o 1:1.73 | u 1:2.03,0 - 0,1H 4' (1-0) FT. O/U+ o 2.75:1.76 | u 2.75:2.00
01/08/2026 21:23,SABA CLUB FRIENDLY Virtual PES 21 - 15 Mins Play,Getafe CF (V),Valencia CF (V),0-0,1,0,2H 7',o 0.5:5.17 | u 0.5:1.08,o 0.5:5.76 | u 0.5:1.05,FT. O/U,o 1:2.04 | u 1:1.72,,FT. O/U,o 1.75:1.90 | u 1.75:1.86,o 0.75:1.78 | u 0.75:1.98,0 - 0,2H 7' (1-0)
01/08/2026 21:25,SABA ENGLISH PREMIER LEAGUE Virtual PES 26 - 15 Mins Play,Nottingham Forest (V),Hull City (V),1-0,1,1,1H 1' | 2H 5',o 2.5:5.17 | u 2.5:1.08,o 1.5:5.76 | u 1.5:1.05,FT. O/U,o 2:1.72 | u 2:2.04,,FT. O/U,o 3:1.82 | u 3:1.94,o 1.75:1.72 | u 1.75:2.04,1 - 0,1H 1' (1-0) FT. O/U+ o 3:1.76 | u 3:2.00 | 2H 5' (1-1) FT. O/U+ o 2.5:2.67 | u 2.5:1.36
01/08/2026 21:26,SABA CLUB FRIENDLY Virtual PES 21 - 15 Mins Play,FSV Mainz 05 (V),Chelsea (V),1-1,1,2,1H 2' | 2H 8',o 2.5:4.57 | u 2.5:1.12,o 1.5:4.85 | u 1.5:1.10,FT. O/U,o 2.25:1.91 | u 2.25:1.85,,FT. O/U,o 2.5:1.89 | u 2.5:1.87,o 1.25:2.03 | u 1.25:1.73,0 - 0,1H 2' (0-1) FT. O/U+ o 3.25:1.91 | u 3.25:1.85 | 2H 2' (1-1) FT. O/U+ o 2:1.98 | u 2:1.78
01/08/2026 21:31,SABA INTERNATIONAL FRIENDLY Virtual PES 21 - 20 Mins Play,Wales  (V),Bosnia-Herzegovina (V),0-0,0,1,2H 3',o 1.5:6.00 | u 1.5:1.04,o 0.5:6.56 | u 0.5:1.02,FT. O/U,o 1:1.97 | u 1:1.79,,FT. O/U,o 1.5:1.77 | u 1.5:1.99,o 0.5:1.87 | u 0.5:1.89,0 - 0,2H 3' (0-1) FT. O/U+ o 1.75:2.05 | u 1.75:1.71
01/08/2026 21:34,SABA INTERNATIONAL FRIENDLY Virtual PES 21 - 20 Mins Play,Mexico (V),Denmark (V),3-1,3,2,1H 2' | 1H 3' | 1H 7' | 2H 9',o 4.5:3.70 | u 4.5:1.21,o 3.5:4.85 | u 3.5:1.10,FT. O/U,o 4.5:1.99 | u 4.5:1.77,,FT. O/U,o 2.5:1.90 | u 2.5:1.86,o 1:1.78 | u 1:1.98,0 - 0,1H 2' (1-0) FT. O/U+ o 3.25:1.89 | u 3.25:1.87 | 1H 3' (2-0) FT. O/U+ o 4.25:2.00 | u 4.25:1.76 | 1H 7' (2-1) FT. O/U+ o 4.5:1.86 | u 4.5:1.90 | 2H 1' (3-1) FT. O/U+ o 5.25:1.85 | u 5.25:1.91
01/08/2026 21:35,SABA INTERNATIONAL FRIENDLY Virtual FC 24 - 16 Mins Play,USA (V),Denmark (V),1-3,1,4,1H 3' | 1H 5' | 1H 8' | 2H 6',o 5.5:4.13 | u 5.5:1.08,o 2.5:4.85 | u 2.5:1.02,FT. O/U,o 4.25:1.76 | u 4.25:2.00,,FT. O/U,o 2.75:1.78 | u 2.75:1.98,o 1:1.71 | u 1:2.05,0 - 0,1H 3' (0-1) FT. O/U+ o 3.5:1.98 | u 3.5:1.78 | 1H 5' (0-2) FT. O/U+ o 4:2.03 | u 4:1.73 | 1H 8' (0-3) FT. O/U+ o 4.5:2.01 | u 4.5:1.75 | 2H 1' (1-3) FT. O/U+ o 5.25:1.95 | u 5.25:1.81
01/08/2026 21:38,SABA VIETNAM V LEAGUE 1 Virtual PES 24 - 15 Mins Play,The Cong - Viettel (V),SHB Da Nang FC (V),1-0,1,0,1H 4',o 1.5:5.76 | u 1.5:1.05,o 1.5:6.26 | u 1.5:1.03,FT. O/U,o 1.75:1.98 | u 1.75:1.78,,FT. O/U,o 1.5:1.99 | u 1.5:1.77,o 0.5:1.72 | u 0.5:2.04,0 - 0,1H 4' (1-0) FT. O/U+ o 2:1.94 | u 2:1.82
01/08/2026 21:41,SABA VIETNAM V LEAGUE 1 Virtual PES 24 - 15 Mins Play,Nam Dinh (V),Hoang Anh Gia Lai (V),3-0,4,1,1H 2' | 1H 3' | 1H 4' | 2H 3' | 2H 4',o 5.5:5.55 | u 5.5:1.06,o 3.5:6.88 | u 3.5:1.01,FT. O/U,o 3.5:1.99 | u 3.5:1.77,,FT. O/U,o 2:1.69 | u 2:2.08,o 1.5:2.39 | u 1.5:1.48,1 - 0,1H 2' (1-0) FT. O/U+ o 2:1.69 | u 2:2.08 | 1H 3' (2-0) FT. O/U+ o 3:2.00 | u 3:1.76 | 1H 4' (3-0) FT. O/U+ o 3.75:2.00 | u 3.75:1.76 | 2H 3' (3-1) FT. O/U+ o 4.5:2.59 | u 4.5:1.39 | 2H 4' (4-1) FT. O/U o 4.5:3.33 | u 4.5:1.27
01/08/2026 21:41,SABA INTERNATIONAL FRIENDLY Virtual FC 24 - 16 Mins Play,Poland (V),Netherlands (V),1-1,2,3,1H 0' | 2H 3' | 2H 8',o 4.5:3.50 | u 4.5:1.16,o 1.5:3.63 | u 1.5:1.14,FT. O/U,o 2:1.77 | u 2:1.99,,FT. O/U,o 3.25:1.99 | u 3.25:1.77,o 1.75:1.68 | u 1.75:2.09,0 - 1,1H 0' (0-1) FT. O/U+ o 3.25:1.84 | u 3.25:1.92 | 2H 0' (1-1) FT. O/U+ o 3:1.80 | u 3:1.96 | 2H 8' (2-3)
01/08/2026 21:42,SABA CLUB FRIENDLY Virtual PES 21 - 15 Mins Play,Manchester United (V),FC Koln (V),0-1,2,1,1H 6' | 2H 4' | 2H 5',o 3.5:5.00 | u 3.5:1.09,o 1.5:5.17 | u 1.5:1.08,FT. O/U,o 2.25:1.92 | u 2.25:1.84,,FT. O/U,o 2:1.78 | u 2:1.98,o 1:2.05 | u 1:1.71,0 - 0,1H 6' (0-1) FT. O/U+ o 2.25:1.88 | u 2.25:1.88 | 2H 4' (1-1) FT. O/U+ o 2.5:2.00 | u 2.5:1.76 | 2H 5' (2-1) FT. O/U+ o 3.5:2.79 | u 3.5:1.32
01/08/2026 21:44,SABA CLUB FRIENDLY Virtual PES 21 - 15 Mins Play,Inter Milan (V),Juventus (V),3-1,3,3,1H 2' | 1H 3' | 1H 6' | 2H 3' | 2H 5',o 6.5:4.03 | u 6.5:1.17,o 3.5:4.70 | u 3.5:1.11,FT. O/U,o 4.25:1.80 | u 4.25:1.96,,FT. O/U,o 2.75:1.93 | u 2.75:1.83,o 1.25:1.95 | u 1.25:1.81,0 - 0,1H 2' (1-0) FT. O/U+ o 3.5:1.97 | u 3.5:1.79 | 1H 3' (2-0) FT. O/U+ o 4:1.74 | u 4:2.02 | 1H 6' (2-1) FT. O/U+ o 4.5:1.92 | u 4.5:1.84 | 2H 0' (3-1) FT. O/U+ o 5:1.72 | u 5:2.04 | 2H 5' (3-3) FT. O/U+ o 6.5:2.28 | u 6.5:1.54
01/08/2026 21:46,SABA INTERNATIONAL FRIENDLY Virtual PES 21 - 20 Mins Play,Kuwait (V),Singapore (V),0-0,1,1,2H 4' | 2H 7',o 2.5:5.35 | u 2.5:1.07,o 0.5:5.76 | u 0.5:1.05,FT. O/U,o 1:1.77 | u 1:1.99,,FT. O/U,o 2:1.96 | u 2:1.80,o 1:2.12 | u 1:1.65,0 - 0,2H 4' (0-1) FT. O/U+ o 1.5:1.73 | u 1.5:2.03 | 2H 7' (1-1) FT. O/U+ o 2.5:2.49 | u 2.5:1.43
01/08/2026 21:50,SABA INTERNATIONAL FRIENDLY Virtual PES 21 - 20 Mins Play,Switzerland (V),Slovenia (V),2-0,3,2,1H 1' | 1H 6' | 2H 4' | 2H 5',o 5.5:4.70 | u 5.5:1.11,o 2.5:5.35 | u 2.5:1.07,FT. O/U,o 3:1.86 | u 3:1.90,,FT. O/U,o 3.25:1.99 | u 3.25:1.77,o 2:1.87 | u 2:1.89,1 - 0,1H 1' (1-0) FT. O/U+ o 3.25:1.94 | u 3.25:1.82 | 1H 6' (2-0) FT. O/U o 2.5:1.77 | u 2.5:1.99 | 2H 2' (2-1) FT. O/U+ o 3.75:2.03 | u 3.75:1.73 | 2H 5' (3-2) FT. O/U+ o 5.5:1.91 | u 5.5:1.85
01/08/2026 21:53,SABA CLUB FRIENDLY Virtual PES 21 - 15 Mins Play,AS Monaco (V),Lazio (V),0-0,1,0,2H 3',o 1.5:5.35 | u 1.5:1.07,o 0.5:5.55 | u 0.5:1.06,FT. O/U,o 1:1.69 | u 1:2.08,,FT. O/U,o 2:1.98 | u 2:1.78,o 0.75:1.74 | u 0.75:2.02,0 - 0,2H 3' (1-0) FT. O/U+ o 1.5:1.79 | u 1.5:1.97
01/08/2026 21:55,SABA ENGLISH PREMIER LEAGUE Virtual PES 26 - 15 Mins Play,Sunderland (V),Liverpool (V),0-1,0,1,1H 5',o 1.5:5.00 | u 1.5:1.09,o 1.5:5.00 | u 1.5:1.09,FT. O/U,o 2:1.84 | u 2:1.92,,FT. O/U,o 2.25:1.93 | u 2.25:1.83,o 1:2.06 | u 1:1.70,0 - 0,1H 5' (0-1) FT. O/U+ o 2.25:1.88 | u 2.25:1.88
01/08/2026 21:56,SABA CLUB FRIENDLY Virtual PES 21 - 15 Mins Play,Atletico de Madrid (V),CA Osasuna (V),3-2,4,2,1H 2' | 1H 3' | 1H 4' | 1H 4' | 2H 2',o 6.5:4.45 | u 6.5:1.13,o 4.5:5.76 | u 4.5:1.05,FT. O/U,o 5:1.99 | u 5:1.77,,FT. O/U,o 2:2.01 | u 2:1.75,o 0.75:1.80 | u 0.75:1.96,0 - 0,1H 2' (1-0) FT. O/U+ o 2.75:1.88 | u 2.75:1.88 | 1H 3' (2-0) FT. O/U+ o 3.5:1.86 | u 3.5:1.90 | 1H 4' (2-1) FT. O/U+ o 4.25:1.82 | u 4.25:1.94 | 1H 4' (2-2) FT. O/U+ o 5.25:2.00 | u 5.25:1.76 | 2H 1' (3-2) FT. O/U+ o 5.75:1.84 | u 5.75:1.92
01/08/2026 21:57,SABA INTERNATIONAL FRIENDLY Virtual FC 24 - 16 Mins Play,Ukraine (V),Croatia (V),2-1,3,1,1H 3' | 1H 6' | 1H 7' | 2H 6',o 4.5:3.50 | u 4.5:1.16,o 2.5:4.23 | u 2.5:1.07,FT. O/U,o 4.25:2.01 | u 4.25:1.75,,FT. O/U,o 2.25:1.92 | u 2.25:1.84,o 1:2.12 | u 1:1.65,0 - 0,1H 3' (0-1) FT. O/U o 3:1.86 | u 3:1.90 | 1H 6' (1-1) FT. O/U+ o 3.25:1.72 | u 3.25:2.04 | 1H 7' (2-1) FT. O/U+ o 4.25:1.95 | u 4.25:1.81 | 2H 6' (3-1) FT. O/U+ o 4.5:2.69 | u 4.5:1.35
02/08/2026 14:55,SABA CLUB FRIENDLY Virtual PES 21 - 15 Mins Play,Bayern Munchen (V),Napoli (V),1-0,2,0,1H 1' | 2H 5',o 2.5:5.00 | u 2.5:1.09,o 1.5:5.55 | u 1.5:1.06,FT. O/U,o 2:1.83 | u 2:1.93,,FT. O/U,o 2.75:1.83 | u 2.75:1.93,o 1.75:2.05 | u 1.75:1.71,1 - 0,1H 1' (1-0) 1H. O/U o 0.75:1.79 | u 0.75:1.97 | 2H 5' (2-0) FT. O/U+ o 2.5:3.33 | u 2.5:1.27
02/08/2026 14:55,SABA CLUB FRIENDLY Virtual PES 21 - 15 Mins Play,Liverpool (V),AC Milan (V),1-1,2,1,1H 3' | 1H 5' | 2H 3',o 3.5:4.33 | u 3.5:1.14,o 2.5:4.85 | u 2.5:1.10,FT. O/U,o 3.5:1.99 | u 3.5:1.77,,FT. O/U,o 2.75:1.88 | u 2.75:1.88,o 1.25:1.91 | u 1.25:1.85,0 - 0,1H 3' (1-0) FT. O/U+ o 3.25:1.89 | u 3.25:1.87 | 1H 5' (1-1) FT. O/U+ o 3.75:1.78 | u 3.75:1.98 | 2H 3' (2-1) FT. O/U+ o 3.75:1.95 | u 3.75:1.81
02/08/2026 14:55,SABA CLUB FRIENDLY Virtual PES 21 - 15 Mins Play,AS Monaco (V),Udinese (V),2-1,2,1,1H 2' | 1H 6' | 2H 1',o 3.5:5.55 | u 3.5:1.06,o 2.5:5.76 | u 2.5:1.05,FT. O/U,o 3:2.12 | u 3:1.65,,FT. O/U,o 1.75:1.80 | u 1.75:1.96,o 0.75:1.79 | u 0.75:1.97,0 - 0,1H 2' (0-1) FT. O/U+ o 2.5:1.79 | u 2.5:1.97 | 1H 6' (1-1) FT. O/U+ o 3:1.97 | u 3:1.79 | 2H 1' (2-1) FT. O/U o 2.75:1.85 | u 2.75:1.91
02/08/2026 14:56,SABA CLUB FRIENDLY Virtual PES 21 - 15 Mins Play,Lille OSC (V),Olympique Lyonnais (V),1-3,2,3,1H 0' | 1H 4' | 1H 6' | 1H 7' | 2H 7',o 4.5:4.85 | u 4.5:1.10,o 3.5:6.26 | u 3.5:1.03,FT. O/U,o 4.75:1.81 | u 4.75:1.95,,FT. O/U,o 2.5:1.76 | u 2.5:2.00,o 1.75:2.00 | u 1.75:1.76,1 - 0,1H 0' (1-0) FT. O/U+ o 2.75:1.83 | u 2.75:1.93 | 1H 4' (1-1) FT. O/U+ o 3.25:2.05 | u 3.25:1.71 | 1H 6' (1-2) FT. O/U+ o 4:2.09 | u 4:1.68 | 1H 7' (1-3) FT. O/U+ o 4.75:1.74 | u 4.75:2.02 | 2H 7' (2-3)
02/08/2026 14:57,SABA INTERNATIONAL FRIENDLY Virtual FC 24 - 16 Mins Play,USA (V),Norway (V),0-0,1,1,2H 3' | 2H 8',o 1.5:3.04 | u 1.5:1.25,o 0.5:4.03 | u 0.5:1.09,FT. O/U,o 1.25:1.75 | u 1.25:2.01,,FT. O/U,o 2.5:1.84 | u 2.5:1.92,o 1:1.98 | u 1:1.78,0 - 0,2H 3' (0-1) FT. O/U+ o 1.75:1.79 | u 1.75:1.97 | 2H 8' (1-1)
02/08/2026 14:57,SABA CLUB FRIENDLY Virtual PES 21 - 15 Mins Play,Real Madrid (V),Torino (V),2-3,3,3,1H 0' | 1H 1' | 1H 3' | 1H 6' | 1H 6' | 2H 5',o 6.5:4.45 | u 6.5:1.13,o 5.5:5.00 | u 5.5:1.09,FT. O/U,o 6:1.93 | u 6:1.83,,FT. O/U,o 3.75:2.00 | u 3.75:1.76,o 2.75:1.97 | u 2.75:1.79,2 - 0,1H 0' (1-0) FT. O/U+ o 2.75:1.78 | u 2.75:1.98 | 1H 1' (2-0) FT. O/U+ o 3.75:2.00 | u 3.75:1.76 | 1H 3' (2-1) FT. O/U+ o 4.25:1.77 | u 4.25:1.99 | 1H 6' (2-2) FT. O/U+ o 5:1.83 | u 5:1.93 | 1H 6' (2-3) FT. O/U o 5:1.83 | u 5:1.93 | 2H 5' (3-3) FT. O/U+ o 6.5:2.37 | u 6.5:1.49
02/08/2026 14:58,SABA CLUB FRIENDLY Virtual PES 21 - 15 Mins Play,CA Osasuna (V),FSV Mainz 05 (V),1-2,4,3,1H 1' | 1H 4' | 1H 7' | 2H 4' | 2H 5' | 2H 6' | 2H 7',o 6.5:5.76 | u 6.5:1.05,o 2.5:6.00 | u 2.5:1.04,FT. O/U,o 3.75:1.72 | u 3.75:2.04,,FT. O/U,o 2:1.99 | u 2:1.77,o 0.75:1.80 | u 0.75:1.96,0 - 1,1H 1' (0-1) FT. O/U+ o 2.75:1.92 | u 2.75:1.84 | 1H 4' (0-2) FT. O/U+ o 3.25:1.85 | u 3.25:1.91 | 1H 7' (1-2) FT. O/U+ o 3.75:1.72 | u 3.75:2.04 | 2H 4' (1-3) FT. O/U+ o 4.5:2.61 | u 4.5:1.38 | 2H 5' (2-3) FT. O/U+ o 5.5:3.86 | u 5.5:1.19 | 2H 6' (3-3) FT. O/U+ o 6.5:5.55 | u 6.5:1.06 | 2H 7' (4-3)
02/08/2026 15:00,SABA INTERNATIONAL FRIENDLY Virtual PES 21 - 20 Mins Play,Tunisia (V),USA (V),0-0,1,0,2H 4',o 1.5:5.00 | u 1.5:1.09,o 0.5:5.76 | u 0.5:1.05,FT. O/U,o 1:1.69 | u 1:2.08,,FT. O/U,o 2:2.00 | u 2:1.76,o 0.75:1.74 | u 0.75:2.02,0 - 0,2H 4' (1-0) FT. O/U+ o 1.75:1.84 | u 1.75:1.92
02/08/2026 15:01,SABA INTERNATIONAL FRIENDLY Virtual PES 21 - 20 Mins Play,France (V),Poland (V),0-1,1,1,1H 4' | 2H 4',o 2.5:4.85 | u 2.5:1.10,o 1.5:5.00 | u 1.5:1.09,FT. O/U,o 2.25:2.01 | u 2.25:1.75,,FT. O/U,o 2.25:1.91 | u 2.25:1.85,o 0.75:1.68 | u 0.75:2.09,0 - 0,1H 4' (0-1) FT. O/U+ o 2.75:1.90 | u 2.75:1.86 | 2H 4' (1-1) FT. O/U+ o 2.75:1.98 | u 2.75:1.78
02/08/2026 15:07,SABA CLUB FRIENDLY Virtual PES 21 - 15 Mins Play,Inter Milan (V),Barcelona (V),0-1,2,1,1H 1' | 2H 5',o 3.5:4.85 | u 3.5:1.10,o 1.5:5.76 | u 1.5:1.05,FT. O/U,o 2:1.89 | u 2:1.87,,FT. O/U,o 2.75:1.89 | u 2.75:1.87,o 1.75:1.86 | u 1.75:1.90,0 - 1,1H 1' (0-1) FT. O/U+ o 2.75:1.89 | u 2.75:1.87 | 2H 2' (1-1) FT. O/U+ o 2.75:2.00 | u 2.75:1.76
02/08/2026 15:13,SABA CLUB FRIENDLY Virtual PES 21 - 15 Mins Play,Leicester City (V),Paris Saint Germain (V),1-2,2,3,1H 1' | 1H 3' | 1H 6' | 2H 5' | 2H 6',o 5.5:4.23 | u 5.5:1.15,o 3.5:5.35 | u 3.5:1.07,FT. O/U,o 4:1.71 | u 4:2.05,,FT. O/U,o 3.25:1.89 | u 3.25:1.87,o 2:1.98 | u 2:1.78,1 - 0,1H 1' (1-0) FT. O/U+ o 3.25:1.89 | u 3.25:1.87 | 1H 3' (1-1) FT. O/U+ o 3.75:1.87 | u 3.75:1.89 | 1H 6' (1-2) FT. O/U+ o 4.25:1.77 | u 4.25:1.99 | 2H 5' (2-2) FT. O/U+ o 4.5:2.56 | u 4.5:1.40 | 2H 6' (2-3) FT. O/U+ o 5.5:4.70 | u 5.5:1.11
02/08/2026 15:13,SABA INTERNATIONAL FRIENDLY Virtual FC 24 - 16 Mins Play,Netherlands (V),Germany (V),0-1,1,3,1H 7' | 2H 4' | 2H 5' | 2H 6',o 4.5:3.38 | u 4.5:1.18,o 0.5:3.86 | u 0.5:1.11,FT. O/U,o 2.25:1.85 | u 2.25:1.91,,FT. O/U,o 2.5:1.97 | u 2.5:1.79,o 1:1.94 | u 1:1.82,0 - 0,1H 7' (0-1) FT. O/U+ o 2.25:1.73 | u 2.25:2.03 | 2H 4' (0-2) FT. O/U+ o 2.5:1.72 | u 2.5:2.04 | 2H 5' (0-3) FT. O/U+ o 3.5:1.99 | u 3.5:1.77 | 2H 6' (1-3) FT. O/U+ o 4.5:2.54 | u 4.5:1.41
02/08/2026 15:17,SABA INTERNATIONAL FRIENDLY Virtual PES 21 - 20 Mins Play,Bosnia-Herzegovina (V),Ukraine (V),0-0,0,1,2H 5',o 1.5:5.55 | u 1.5:1.06,o 0.5:5.76 | u 0.5:1.05,FT. O/U,o 1:2.03 | u 1:1.73,o 0.5:5.76 | u 0.5:1.05,FT. O/U,o 1.75:1.92 | u 1.75:1.84,o 0.75:1.87 | u 0.75:1.89,0 - 0,2H 5' (0-1) 1H. O/U o 0.5:5.76 | u 0.5:1.05
02/08/2026 15:17,SABA INTERNATIONAL FRIENDLY Virtual PES 21 - 20 Mins Play,Uruguay (V),Turkey (V),0-1,2,1,1H 4' | 2H 5',o 3.5:5.00 | u 3.5:1.09,o 1.5:6.26 | u 1.5:1.03,FT. O/U,o 2.25:1.91 | u 2.25:1.85,o 1.5:6.26 | u 1.5:1.03,FT. O/U,o 2.5:1.84 | u 2.5:1.92,o 1.25:2.03 | u 1.25:1.73,0 - 0,1H 4' (0-1) FT. O/U+ o 3:1.88 | u 3:1.88 | 2H 2' (1-1) 1H. O/U o 1.5:6.26 | u 1.5:1.03
02/08/2026 15:24,SABA CLUB FRIENDLY Virtual PES 21 - 15 Mins Play,Chelsea (V),FC Koln (V),1-0,1,0,1H 3',o 1.5:4.57 | u 1.5:1.12,o 1.5:5.76 | u 1.5:1.05,FT. O/U,o 2:1.72 | u 2:2.04,,FT. O/U,o 2:1.82 | u 2:1.94,o 1:1.91 | u 1:1.85,0 - 0,1H 3' (1-0) FT. O/U+ o 2.75:1.96 | u 2.75:1.80
02/08/2026 15:25,SABA CLUB FRIENDLY Virtual PES 21 - 15 Mins Play,AS Roma (V),Manchester City (V),0-0,1,2,2H 3' | 2H 5',o 3.5:5.35 | u 3.5:1.07,o 0.5:6.00 | u 0.5:1.04,FT. O/U,o 1:1.83 | u 1:1.93,,FT. O/U,o 2:2.02 | u 2:1.74,o 0.75:1.86 | u 0.75:1.90,0 - 0,2H 2' (0-1) FT. O/U+ o 1.75:1.75 | u 1.75:2.01 | 2H 5' (1-2) FT. O/U+ o 3.5:3.56 | u 3.5:1.23
02/08/2026 15:26,SABA CLUB FRIENDLY Virtual PES 21 - 15 Mins Play,Arsenal (V),Lazio (V),0-2,0,3,1H 6' | 2H 6',o 3.5:4.85 | u 3.5:1.10,o 1.5:5.76 | u 1.5:1.05,FT. O/U,o 2:1.84 | u 2:1.92,,FT. O/U,o 2:1.76 | u 2:2.00,o 0.75:1.67 | u 0.75:2.10,0 - 0,1H 6' (0-1) FT. O/U+ o 2:1.71 | u 2:2.05 | 2H 1' (0-2) FT. O/U+ o 2.75:1.74 | u 2.75:2.02
02/08/2026 15:26,SABA INTERNATIONAL FRIENDLY Virtual FC 24 - 16 Mins Play,Croatia (V),Portugal (V),1-1,2,1,1H 7' | 1H 8' | 2H 6',o 3.5:3.17 | u 3.5:1.22,o 1.5:5.00 | u 1.5:1.01,FT. O/U,o 3.25:1.88 | u 3.25:1.88,,FT. O/U,o 2.25:1.98 | u 2.25:1.78,o 0.75:1.76 | u 0.75:2.00,0 - 0,1H 7' (1-0) FT. O/U+ o 2.25:1.75 | u 2.25:2.01 | 1H 8' (1-1) FT. O/U o 2.25:1.88 | u 2.25:1.88 | 2H 6' (2-1) FT. O/U+ o 3.5:2.56 | u 3.5:1.40
02/08/2026 15:27,SABA CLUB FRIENDLY Virtual PES 21 - 15 Mins Play,Juventus (V),Borussia Dortmund (V),1-0,2,1,1H 3' | 2H 5' | 2H 6',o 3.5:4.85 | u 3.5:1.10,o 1.5:5.76 | u 1.5:1.05,FT. O/U,o 2:1.79 | u 2:1.97,,FT. O/U,o 2.25:1.92 | u 2.25:1.84,o 1:1.97 | u 1:1.79,0 - 0,1H 3' (1-0) FT. O/U+ o 2.5:1.77 | u 2.5:1.99 | 2H 5' (2-0) FT. O/U+ o 2.5:2.75 | u 2.5:1.33 | 2H 6' (2-1) FT. O/U+ o 3.5:3.70 | u 3.5:1.21
02/08/2026 15:28,SABA CLUB FRIENDLY Virtual PES 21 - 15 Mins Play,Getafe CF (V),Atletico de Madrid (V),0-2,3,2,1H 5' | 2H 5' | 2H 6',o 5.5:5.17 | u 5.5:1.08,o 1.5:5.55 | u 1.5:1.06,FT. O/U,o 2.25:2.08 | u 2.25:1.69,,FT. O/U,o 2.25:1.84 | u 2.25:1.92,o 1:1.78 | u 1:1.98,0 - 0,1H 5' (0-1) FT. O/U+ o 2.5:1.99 | u 2.5:1.77 | 2H 0' (0-2) FT. O/U+ o 3:2.02 | u 3:1.74 | 2H 6' (3-2) FT. O/U+ o 5.5:3.63 | u 5.5:1.22
02/08/2026 15:28,SABA CLUB FRIENDLY Virtual PES 21 - 15 Mins Play,Valencia CF (V),Everton (V),0-2,1,4,1H 2' | 2H 4' | 2H 5' | 2H 5',o 5.5:6.00 | u 5.5:1.04,o 1.5:5.55 | u 1.5:1.06,FT. O/U,o 2:1.95 | u 2:1.81,,FT. O/U,o 2:1.99 | u 2:1.77,o 0.75:1.68 | u 0.75:2.09,0 - 0,1H 2' (0-1) FT. O/U+ o 2.75:1.94 | u 2.75:1.82 | 2H 0' (0-2) FT. O/U+ o 3:2.04 | u 3:1.72 | 2H 5' (1-3) FT. O/U+ o 4.5:3.63 | u 4.5:1.22 | 2H 5' (1-4) FT. O/U+ o 5.5:4.57 | u 5.5:1.12
02/08/2026 15:28,SABA INTERNATIONAL FRIENDLY Virtual PES 21 - 20 Mins Play,Armenia (V),Burkina Faso (V),0-0,0,0,,o 0.5:5.17 | u 0.5:1.08,o 0.5:6.26 | u 0.5:1.03,FT. O/U,o 1:1.76 | u 1:2.00,,FT. O/U,o 2:1.76 | u 2:2.00,o 0.75:1.89 | u 0.75:1.87,0 - 0,
02/08/2026 15:34,SABA INTERNATIONAL FRIENDLY Virtual PES 21 - 20 Mins Play,Argentina (V),Serbia (V),1-0,1,1,1H 7' | 2H 2',o 2.5:4.85 | u 2.5:1.10,o 1.5:5.00 | u 1.5:1.09,FT. O/U,o 2.25:2.02 | u 2.25:1.74,,FT. O/U,o 2.25:1.92 | u 2.25:1.84,o 1:1.97 | u 1:1.79,0 - 0,1H 7' (1-0) FT. O/U+ o 2.5:2.03 | u 2.5:1.73 | 2H 2' (1-1) FT. O/U+ o 2.75:1.73 | u 2.75:2.03
02/08/2026 15:37,SABA CLUB FRIENDLY Virtual PES 21 - 15 Mins Play,Bayer 04 Leverkusen (V),Sevilla (V),0-0,0,0,,o 0.5:4.45 | u 0.5:1.13,o 0.5:6.00 | u 0.5:1.04,FT. O/U,o 1:1.82 | u 1:1.94,,FT. O/U,o 1.75:1.75 | u 1.75:2.01,o 0.75:1.88 | u 0.75:1.88,0 - 0,
02/08/2026 16:53,SABA CLUB FRIENDLY Virtual PES 21 - 15 Mins Play,Olympique de Marseille (V),Udinese (V),1-0,1,0,1H 1',o 1.5:5.76 | u 1.5:1.05,o 1.5:6.00 | u 1.5:1.04,FT. O/U,o 1.75:1.80 | u 1.75:1.96,,FT. O/U,o 2.25:1.83 | u 2.25:1.93,o 1.5:1.93 | u 1.5:1.83,1 - 0,1H 1' (1-0) FT. O/U+ o 2.25:1.83 | u 2.25:1.93
02/08/2026 16:55,SABA CLUB FRIENDLY Virtual PES 21 - 15 Mins Play,Real Sociedad (V),AC Milan (V),0-1,0,1,1H 4',o 1.5:5.17 | u 1.5:1.08,o 1.5:5.00 | u 1.5:1.09,FT. O/U,o 2:1.76 | u 2:2.00,,FT. O/U,o 2:1.92 | u 2:1.84,o 0.75:1.96 | u 0.75:1.80,0 - 0,1H 4' (0-1) FT. O/U+ o 2.5:1.98 | u 2.5:1.78
02/08/2026 16:55,SABA CLUB FRIENDLY Virtual PES 21 - 15 Mins Play,Borussia Dortmund (V),Paris Saint Germain (V),0-1,1,1,1H 4' | 2H 5',o 2.5:4.45 | u 2.5:1.13,o 1.5:6.00 | u 1.5:1.04,FT. O/U,o 2.25:1.90 | u 2.25:1.86,,FT. O/U,o 2.5:1.96 | u 2.5:1.80,o 1:1.85 | u 1:1.91,0 - 0,1H 4' (0-1) FT. O/U+ o 2.75:1.90 | u 2.75:1.86 | 2H 5' (1-1) FT. O/U+ o 2.5:2.43 | u 2.5:1.46
02/08/2026 16:55,SABA CLUB FRIENDLY Virtual PES 21 - 15 Mins Play,AS Roma (V),CA Osasuna (V),0-3,1,3,1H 1' | 1H 6' | 1H 7' | 2H 3',o 4.75:6.26 | u 4.75:1.03,o 2.5:5.76 | u 2.5:1.05,FT. O/U,o 3.75:1.98 | u 3.75:1.78,,FT. O/U,o 2.5:1.99 | u 2.5:1.77,o 1.5:1.87 | u 1.5:1.89,0 - 1,1H 1' (0-1) FT. O/U o 1.5:1.83 | u 1.5:1.93 | 1H 6' (0-2) FT. O/U+ o 2.75:1.71 | u 2.75:2.05 | 1H 7' (0-3) FT. O/U+ o 3.75:1.92 | u 3.75:1.84 | 2H 3' (1-3) FT. O/U+ o 4.5:2.28 | u 4.5:1.54
02/08/2026 16:57,SABA CLUB FRIENDLY Virtual PES 21 - 15 Mins Play,FC Koln (V),Manchester City (V),0-2,1,3,1H 0' | 1H 0' | 2H 6' | 2H 6',o 4.5:5.17 | u 4.5:1.08,o 2.5:5.17 | u 2.5:1.08,FT. O/U,o 3:2.05 | u 3:1.71,,FT. O/U,o 3.5:1.76 | u 3.5:2.00,o 2.75:2.04 | u 2.75:1.72,0 - 2,1H 0' (0-1) FT. O/U+ o 3:1.95 | u 3:1.81 | 1H 0' (0-2) FT. O/U+ o 3.75:1.88 | u 3.75:1.88 | 2H 6' (0-3) FT. O/U+ o 3.5:4.45 | u 3.5:1.13 | 2H 6' (1-3) FT. O/U+ o 4.5:4.85 | u 4.5:1.10
02/08/2026 16:57,SABA INTERNATIONAL FRIENDLY Virtual FC 24 - 16 Mins Play,Scotland (V),Finland (V),0-0,1,0,2H 7',o 0.5:3.70 | u 0.5:1.13,o 0.5:4.23 | u 0.5:1.07,FT. O/U,o 1:1.78 | u 1:1.98,,FT. O/U,o 1.75:1.95 | u 1.75:1.81,o 0.75:1.97 | u 0.75:1.79,0 - 0,2H 7' (1-0)
02/08/2026 16:57,SABA CLUB FRIENDLY Virtual PES 21 - 15 Mins Play,Getafe CF (V),Valencia CF (V),0-2,0,3,1H 0' | 2H 5',o 3.5:5.76 | u 3.5:1.05,o 1.5:6.26 | u 1.5:1.03,FT. O/U,o 1.75:1.67 | u 1.75:2.10,,FT. O/U,o 2.5:1.76 | u 2.5:2.00,o 1.75:2.05 | u 1.75:1.71,0 - 1,1H 0' (0-1) FT. O/U+ o 2.75:1.88 | u 2.75:1.88 | 2H 0' (0-2) FT. O/U+ o 2.75:1.74 | u 2.75:2.02
02/08/2026 17:05,SABA INTERNATIONAL FRIENDLY Virtual PES 21 - 20 Mins Play,Portugal (V),Netherlands (V),2-2,2,2,1H 0' | 1H 5' | 1H 9' | 2H 1',o 4.5:4.23 | u 4.5:1.15,o 2.5:4.57 | u 2.5:1.12,FT. O/U,o 4.5:1.83 | u 4.5:1.93,,FT. O/U,o 3.5:1.84 | u 3.5:1.92,o 2:1.69 | u 2:2.08,1 - 0,1H 0' (1-0) FT. O/U+ o 3.75:1.76 | u 3.75:2.00 | 1H 5' (1-1) FT. O/U+ o 4:1.92 | u 4:1.84 | 1H 9' (2-1) FT. O/U+ o 4.75:1.99 | u 4.75:1.77 | 2H 1' (2-2) FT. O/U+ o 5.25:1.95 | u 5.25:1.81
02/08/2026 17:07,SABA CLUB FRIENDLY Virtual PES 21 - 15 Mins Play,Juventus (V),Everton (V),0-0,0,0,,o 0.5:4.70 | u 0.5:1.11,o 0.5:6.26 | u 0.5:1.03,FT. O/U,o 1:1.63 | u 1:2.15,,FT. O/U,o 2:1.78 | u 2:1.98,o 0.75:1.80 | u 0.75:1.96,0 - 0,
02/08/2026 17:10,SABA CLUB FRIENDLY Virtual PES 21 - 15 Mins Play,AS Monaco (V),Bayern Munchen (V),1-0,1,1,1H 4' | 2H 3',o 2.5:4.70 | u 2.5:1.11,o 1.5:6.00 | u 1.5:1.04,FT. O/U,o 2.25:2.02 | u 2.25:1.74,,FT. O/U,o 2.25:1.83 | u 2.25:1.93,o 0.75:1.67 | u 0.75:2.10,0 - 0,1H 4' (1-0) FT. O/U o 1.75:1.94 | u 1.75:1.82 | 2H 3' (1-1) FT. O/U+ o 2.5:1.88 | u 2.5:1.88
02/08/2026 17:11,SABA INTERNATIONAL FRIENDLY Virtual FC 24 - 16 Mins Play,Poland (V),USA (V),0-1,0,2,1H 2' | 2H 7',o 1.5:3.44 | u 1.5:1.17,o 1.5:5.00 | u 1.5:1.01,FT. O/U,o 2:2.01 | u 2:1.75,,FT. O/U,o 1.5:1.76 | u 1.5:2.00,o 0.5:1.83 | u 0.5:1.93,0 - 0,1H 2' (0-1) FT. O/U+ o 2.5:1.97 | u 2.5:1.79 | 2H 7' (0-2)
02/08/2026 17:16,SABA INTERNATIONAL FRIENDLY Virtual PES 21 - 20 Mins Play,Bulgaria (V),Egypt (V),0-0,1,1,2H 3' | 2H 7',o 2.5:6.00 | u 2.5:1.04,o 0.5:6.26 | u 0.5:1.03,FT. O/U,o 1:1.85 | u 1:1.91,,FT. O/U,o 2:1.98 | u 2:1.78,o 0.75:1.79 | u 0.75:1.97,0 - 0,2H 3' (0-1) FT. O/U+ o 1.75:1.98 | u 1.75:1.78 | 2H 7' (1-1) FT. O/U+ o 2.5:3.38 | u 2.5:1.26
02/08/2026 17:17,SABA INTERNATIONAL FRIENDLY Virtual PES 21 - 20 Mins Play,Serbia (V),Sweden (V),0-0,2,0,2H 6' | 2H 9',o 1.5:5.00 | u 1.5:1.09,o 0.5:6.00 | u 0.5:1.04,FT. O/U,o 1:1.70 | u 1:2.06,,FT. O/U,o 2:1.89 | u 2:1.87,o 0.75:1.70 | u 0.75:2.06,0 - 0,2H 6' (1-0) FT. O/U+ o 1.5:2.28 | u 1.5:1.54 | 2H 9' (2-0)
02/08/2026 17:24,SABA ENGLISH PREMIER LEAGUE Virtual PES 26 - 15 Mins Play,Aston Villa (V),Manchester United (V),1-0,2,0,1H 3' | 2H 5',o 2.5:4.33 | u 2.5:1.14,o 1.5:6.00 | u 1.5:1.04,FT. O/U,o 2:1.76 | u 2:2.00,,FT. O/U,o 2.25:1.92 | u 2.25:1.84,o 1:2.04 | u 1:1.72,0 - 0,1H 3' (1-0) FT. O/U+ o 2.75:1.78 | u 2.75:1.98 | 2H 5' (2-0) FT. O/U+ o 2.5:2.35 | u 2.5:1.50
02/08/2026 17:26,SABA CLUB FRIENDLY Virtual PES 21 - 15 Mins Play,Atletico de Madrid (V),Liverpool (V),1-0,2,1,1H 2' | 2H 3' | 2H 4',o 3.5:3.94 | u 3.5:1.18,o 1.5:5.76 | u 1.5:1.05,FT. O/U,o 2.5:1.92 | u 2.5:1.84,,FT. O/U,o 2.5:1.84 | u 2.5:1.92,o 1:1.72 | u 1:2.04,0 - 0,1H 2' (1-0) FT. O/U+ o 3.5:1.94 | u 3.5:1.82 | 2H 3' (2-0) FT. O/U+ o 2.75:1.86 | u 2.75:1.90 | 2H 4' (2-1) FT. O/U+ o 3.5:2.01 | u 3.5:1.75
02/08/2026 17:26,SABA INTERNATIONAL FRIENDLY Virtual FC 24 - 16 Mins Play,England (V),Netherlands (V),1-1,2,2,1H 7' | 1H 7' | 2H 3' | 2H 7',o 3.5:3.22 | u 3.5:1.21,o 2.5:4.13 | u 2.5:1.08,FT. O/U,o 3.5:1.99 | u 3.5:1.77,,FT. O/U,o 2.5:1.92 | u 2.5:1.84,o 1:1.97 | u 1:1.79,0 - 0,1H 7' (1-0) FT. O/U+ o 2.5:1.88 | u 2.5:1.88 | 1H 7' (1-1) FT. O/U+ o 3.5:1.93 | u 3.5:1.83 | 2H 3' (1-2) FT. O/U+ o 3.75:1.87 | u 3.75:1.89 | 2H 7' (2-2) FT. O/U o 3.5:3.22 | u 3.5:1.21
02/08/2026 17:27,SABA CLUB FRIENDLY Virtual PES 21 - 15 Mins Play,Sevilla (V),Manchester United (V),1-4,3,4,1H 0' | 1H 5' | 1H 7' | 2H 7',o 6.5:4.13 | u 6.5:1.16,o 2.5:5.55 | u 2.5:1.06,FT. O/U,o 4.25:1.79 | u 4.25:1.97,,FT. O/U,o 3.5:1.80 | u 3.5:1.96,o 2:1.78 | u 2:1.98,1 - 0,1H 0' (1-0) FT. O/U+ o 3.75:1.90 | u 3.75:1.86 | 1H 5' (1-1) FT. O/U+ o 3.5:1.78 | u 3.5:1.98 | 1H 7' (1-2) FT. O/U+ o 4.25:1.79 | u 4.25:1.97 | 2H 0' (1-3) FT. O/U+ o 5.25:1.95 | u 5.25:1.81
02/08/2026 17:30,SABA INTERNATIONAL FRIENDLY Virtual PES 21 - 20 Mins Play,Israel (V),Romania (V),0-0,0,1,2H 3',o 1.5:5.55 | u 1.5:1.06,o 1:2.06 | u 1:1.70,FT. O/U,o 1:1.89 | u 1:1.87,,FT. O/U,o 1.75:1.76 | u 1.75:2.00,o 1:2.06 | u 1:1.70,0 - 0,2H 3' (0-1) FT. O/U+ o 1.75:1.86 | u 1.75:1.90
02/08/2026 17:33,SABA INTERNATIONAL FRIENDLY Virtual PES 21 - 20 Mins Play,Uruguay (V),Nigeria (V),1-0,2,2,1H 9' | 2H 3' | 2H 8',o 4.5:4.85 | u 4.5:1.10,o 0.5:4.85 | u 0.5:1.10,FT. O/U,o 2.25:1.81 | u 2.25:1.95,,FT. O/U,o 2.75:1.92 | u 2.75:1.84,o 1.5:1.97 | u 1.5:1.79,0 - 0,1H 9' (1-0) FT. O/U+ o 2.5:1.98 | u 2.5:1.78 | 2H 2' (2-0) FT. O/U+ o 3:1.94 | u 3:1.82 | 2H 8' (2-2) FT. O/U+ o 4.5:4.03 | u 4.5:1.17
02/08/2026 17:35,SABA VIETNAM V LEAGUE 1 Virtual PES 24 - 15 Mins Play,The Cong - Viettel (V),Binh Dinh (V),0-0,0,0,,o 0.5:6.26 | u 0.5:1.03,o 0.5:6.88 | u 0.5:1.01,FT. O/U,o 0.5:1.84 | u 0.5:1.92,,FT. O/U,o 1.25:2.08 | u 1.25:1.69,o 0.5:2.00 | u 0.5:1.76,0 - 0,
02/08/2026 17:37,SABA VIETNAM V LEAGUE 1 Virtual PES 24 - 15 Mins Play,Hai Phong FC (V),Quang Nam (V),0-1,0,1,1H 0',o 1.5:6.00 | u 1.5:1.04,o 1.5:6.56 | u 1.5:1.02,FT. O/U,o 1.5:1.71 | u 1.5:2.05,,FT. O/U,o 2.25:1.95 | u 2.25:1.81,o 1.5:1.86 | u 1.5:1.90,0 - 1,1H 0' (0-1) FT. O/U+ o 2.25:1.76 | u 2.25:2.00
02/08/2026 17:39,SABA INTERNATIONAL FRIENDLY Virtual FC 24 - 16 Mins Play,Sweden (V),Finland (V),0-0,1,1,2H 4',o 2.5:3.38 | u 2.5:1.18,o 0.5:3.44 | u 0.5:1.17,FT. O/U,o 1.25:1.95 | u 1.25:1.81,,FT. O/U,o 2:1.76 | u 2:2.00,o 1:2.06 | u 1:1.70,0 - 0,2H 2' (1-0) FT. O/U+ o 2:1.89 | u 2:1.87
02/08/2026 17:40,SABA CLUB FRIENDLY Virtual PES 21 - 15 Mins Play,Paris Saint Germain (V),Tottenham Hotspur (V),2-1,3,1,1H 2' | 1H 5' | 2H 6',o 4.5:4.57 | u 4.5:1.12,o 2.5:4.23 | u 2.5:1.15,FT. O/U,o 3.5:1.84 | u 3.5:1.92,,FT. O/U,o 3:1.92 | u 3:1.84,o 1.25:1.81 | u 1.25:1.95,0 - 0,1H 2' (0-1) FT. O/U+ o 3.75:1.96 | u 3.75:1.80 | 1H 5' (1-1) FT. O/U+ o 4:1.97 | u 4:1.79 | 2H 1' (2-1) FT. O/U+ o 4:1.73 | u 4:2.03
02/08/2026 17:40,SABA CLUB FRIENDLY Virtual PES 21 - 15 Mins Play,Torino (V),CA Osasuna (V),0-2,0,3,1H 4' | 2H 2',o 3.5:5.76 | u 3.5:1.05,o 1.5:6.88 | u 1.5:1.01,FT. O/U,o 1.75:1.80 | u 1.75:1.96,,FT. O/U,o 1.75:1.97 | u 1.75:1.79,o 0.5:1.78 | u 0.5:1.98,0 - 0,1H 4' (0-1) FT. O/U+ o 1.25:1.90 | u 1.25:1.86 | 2H 1' (0-2) FT. O/U o 1.75:1.92 | u 1.75:1.84
02/08/2026 17:47,SABA INTERNATIONAL FRIENDLY Virtual PES 21 - 20 Mins Play,Italy (V),Slovakia (V),0-0,0,1,2H 3',o 1.5:5.17 | u 1.5:1.08,o 0.5:6.00 | u 0.5:1.04,FT. O/U,o 1:1.70 | u 1:2.06,,FT. O/U,o 2:1.76 | u 2:2.00,o 1:1.95 | u 1:1.81,0 - 0,2H 3' (0-1) FT. O/U+ o 1.75:1.79 | u 1.75:1.97
02/08/2026 17:48,SABA INTERNATIONAL FRIENDLY Virtual PES 21 - 20 Mins Play,Czech Republic (V),Russia (V),0-0,2,2,2H 3' | 2H 5' | 2H 7',o 4.5:5.17 | u 4.5:1.08,o 0.5:6.56 | u 0.5:1.02,FT. O/U,o 1:1.81 | u 1:1.95,,FT. O/U,o 1.5:1.76 | u 1.5:2.00,o 0.5:1.74 | u 0.5:2.02,0 - 0,2H 2' (1-0) FT. O/U+ o 2:2.09 | u 2:1.68 | 2H 5' (2-1) FT. O/U+ o 3.5:2.12 | u 3.5:1.65 | 2H 7' (2-2) FT. O/U+ o 4.5:3.94 | u 4.5:1.18
02/08/2026 17:53,SABA CLUB FRIENDLY Virtual PES 21 - 15 Mins Play,Olympique de Marseille (V),Real Madrid (V),0-1,0,1,1H 5',o 1.5:4.85 | u 1.5:1.10,o 1.5:5.55 | u 1.5:1.06,FT. O/U,o 2:2.03 | u 2:1.73,,FT. O/U,o 1.75:1.84 | u 1.75:1.92,o 0.75:1.80 | u 0.75:1.96,0 - 0,1H 5' (0-1) FT. O/U+ o 2.25:2.05 | u 2.25:1.71
02/08/2026 17:54,SABA CLUB FRIENDLY Virtual PES 21 - 15 Mins Play,AS Roma (V),Barcelona (V),1-1,1,1,1H 1' | 1H 3',o 2.5:4.70 | u 2.5:1.11,o 2.5:6.26 | u 2.5:1.03,FT. O/U,o 3:1.96 | u 3:1.80,,FT. O/U,o 2.5:1.91 | u 2.5:1.85,o 1.5:1.74 | u 1.5:2.02,1 - 0,1H 1' (1-0) FT. O/U+ o 2.5:1.91 | u 2.5:1.85 | 1H 3' (1-1) FT. O/U+ o 3.25:1.98 | u 3.25:1.78
02/08/2026 17:55,SABA CLUB FRIENDLY Virtual PES 21 - 15 Mins Play,Napoli (V),AC Milan (V),0-2,1,3,1H 0' | 1H 6' | 2H 4' | 2H 7',o 3.5:5.55 | u 3.5:1.06,o 2.5:5.55 | u 2.5:1.06,FT. O/U,o 3:2.00 | u 3:1.76,,FT. O/U,o 3:1.94 | u 3:1.82,o 2:2.03 | u 2:1.73,0 - 1,1H 0' (0-1) FT. O/U+ o 3:1.75 | u 3:2.01 | 1H 6' (0-2) FT. O/U+ o 3.25:2.02 | u 3.25:1.74 | 2H 4' (1-2) FT. O/U+ o 3.5:2.72 | u 3.5:1.34 | 2H 7' (1-3)
02/08/2026 17:55,SABA ENGLISH PREMIER LEAGUE Virtual PES 26 - 15 Mins Play,AFC Bournemouth (V),Ipswich Town (V),0-0,0,0,,o 0.5:4.85 | u 0.5:1.10,o 0.5:5.55 | u 0.5:1.06,FT. O/U,o 1:1.93 | u 1:1.83,,FT. O/U,o 1.75:1.80 | u 1.75:1.96,o 1:2.09 | u 1:1.68,0 - 0,
02/08/2026 17:55,SABA CLUB FRIENDLY Virtual PES 21 - 15 Mins Play,FC Koln (V),Real Sociedad (V),0-0,0,1,2H 6',o 1.5:5.17 | u 1.5:1.08,o 0.5:6.26 | u 0.5:1.03,FT. O/U,o 0.75:1.67 | u 0.75:2.10,,FT. O/U,o 1.5:1.76 | u 1.5:2.00,o 0.5:1.71 | u 0.5:2.05,0 - 0,2H 6' (0-1) FT. O/U o 0.5:4.57 | u 0.5:1.12
02/08/2026 17:57,SABA INTERNATIONAL FRIENDLY Virtual FC 24 - 16 Mins Play,Ghana (V),Romania (V),2-0,2,0,1H 1' | 1H 4',o 2.5:3.27 | u 2.5:1.20,o 2.5:3.94 | u 2.5:1.10,FT. O/U,o 3.25:1.81 | u 3.25:1.95,,FT. O/U,o 3.5:1.99 | u 3.5:1.77,o 2:1.92 | u 2:1.84,1 - 0,1H 1' (1-0) FT. O/U+ o 3.5:1.87 | u 3.5:1.89 | 1H 4' (2-0) FT. O/U+ o 4:2.00 | u 4:1.76
02/08/2026 18:00,SABA INTERNATIONAL FRIENDLY Virtual PES 21 - 20 Mins Play,Iran (V),Japan (V),0-2,1,3,1H 1' | 1H 2' | 2H 3' | 2H 9',o 4.5:3.56 | u 4.5:1.23,o 2.5:5.00 | u 2.5:1.09,FT. O/U,o 3.75:1.81 | u 3.75:1.95,,FT. O/U,o 4.25:1.98 | u 4.25:1.78,o 2.25:1.97 | u 2.25:1.79,0 - 1,1H 1' (0-1) FT. O/U+ o 4.25:1.87 | u 4.25:1.89 | 1H 2' (0-2) FT. O/U+ o 4.75:1.76 | u 4.75:2.00 | 2H 3' (1-2) FT. O/U+ o 4.25:2.05 | u 4.25:1.71 | 2H 9' (1-3) FT. O/U+ o 4.5:3.86 | u 4.5:1.19
02/08/2026 18:02,SABA INTERNATIONAL FRIENDLY Virtual PES 21 - 20 Mins Play,Mali (V),Qatar (V),0-1,1,1,1H 2' | 2H 5',o 2.5:4.23 | u 2.5:1.15,o 1.5:5.00 | u 1.5:1.09,FT. O/U,o 2.5:1.92 | u 2.5:1.84,,FT. O/U,o 2.75:1.83 | u 2.75:1.93,o 1:1.69 | u 1:2.08,0 - 0,1H 2' (0-1) FT. O/U+ o 3.75:1.95 | u 3.75:1.81 | 2H 5' (1-1) FT. O/U o 2.5:1.91 | u 2.5:1.85
02/08/2026 18:09,SABA CLUB FRIENDLY Virtual PES 21 - 15 Mins Play,Arsenal (V),Lille OSC (V),0-2,0,2,1H 8' | 2H 1',o 2.5:4.85 | u 2.5:1.10,o 0.5:5.35 | u 0.5:1.07,FT. O/U,o 2.25:2.02 | u 2.25:1.74,,FT. O/U,o 2.25:1.83 | u 2.25:1.93,o 1:1.92 | u 1:1.84,0 - 0,1H 8' (0-1) FT. O/U+ o 2.25:2.02 | u 2.25:1.74 | 2H 1' (0-2) FT. O/U+ o 3:2.02 | u 3:1.74
02/08/2026 18:10,SABA CLUB FRIENDLY Virtual PES 21 - 15 Mins Play,Lazio (V),Everton (V),0-1,1,1,2H 4',o 2.5:5.55 | u 2.5:1.06,o 0.5:6.00 | u 0.5:1.04,FT. O/U,o 1:1.83 | u 1:1.93,,FT. O/U,o 1.75:1.84 | u 1.75:1.92,o 0.75:2.04 | u 0.75:1.72,0 - 0,2H 0' (0-1) FT. O/U+ o 2:2.02 | u 2:1.74
02/08/2026 18:12,SABA INTERNATIONAL FRIENDLY Virtual FC 24 - 16 Mins Play,Croatia (V),Norway (V),4-1,4,1,1H 4' | 1H 5' | 1H 6' | 2H 1',o 5.5:3.22 | u 5.5:1.21,o 3.5:4.45 | u 3.5:1.05,FT. O/U,o 4.25:1.73 | u 4.25:2.03,,FT. O/U,o 2.75:1.91 | u 2.75:1.85,o 1:1.84 | u 1:1.92,0 - 0,1H 4' (0-1) FT. O/U+ o 3:1.82 | u 3:1.94 | 1H 5' (1-1) FT. O/U+ o 3.75:1.84 | u 3.75:1.92 | 1H 6' (2-1) FT. O/U+ o 4.5:1.76 | u 4.5:2.00 | 2H 1' (3-1) FT. O/U+ o 5.25:1.80 | u 5.25:1.96
02/08/2026 18:13,SABA INTERNATIONAL FRIENDLY Virtual PES 21 - 20 Mins Play,Bahrain (V),Indonesia (V),0-0,0,0,,o 0.5:4.70 | u 0.5:1.11,o 0.5:5.55 | u 0.5:1.06,FT. O/U,o 1.25:1.81 | u 1.25:1.95,,FT. O/U,o 2.5:1.91 | u 2.5:1.85,o 0.75:1.68 | u 0.75:2.09,0 - 0,
02/08/2026 18:22,SABA ENGLISH PREMIER LEAGUE Virtual PES 26 - 15 Mins Play,Brentford (V),Brighton & Hove Albion (V),0-1,0,1,1H 2',o 1.5:5.76 | u 1.5:1.05,o 1.5:6.88 | u 1.5:1.01,FT. O/U,o 1.5:1.79 | u 1.5:1.97,,FT. O/U,o 1.25:1.96 | u 1.25:1.80,o 0.5:2.35 | u 0.5:1.50,0 - 0,1H 2' (0-1) FT. O/U+ o 2:1.96 | u 2:1.80
02/08/2026 18:23,SABA INTERNATIONAL FRIENDLY Virtual PES 21 - 20 Mins Play,India (V),Pakistan (V),2-2,3,5,1H 1' | 1H 5' | 1H 8' | 1H 9' | 2H 4' | 2H 5' | 2H 6' | 2H 7',o 8.5:4.33 | u 8.5:1.14,o 4.5:4.57 | u 4.5:1.12,FT. O/U,o 5.75:1.96 | u 5.75:1.80,,FT. O/U,o 3.5:1.80 | u 3.5:1.96,o 2.25:1.96 | u 2.25:1.80,1 - 0,1H 1' (1-0) FT. O/U+ o 3.75:1.84 | u 3.75:1.92 | 1H 5' (1-1) FT. O/U o 4:1.90 | u 4:1.86 | 1H 8' (2-1) FT. O/U+ o 4.75:1.87 | u 4.75:1.89 | 1H 9' (2-2) FT. O/U+ o 5.75:1.93 | u 5.75:1.83 | 2H 4' (2-3) FT. O/U+ o 5.75:1.72 | u 5.75:2.04 | 2H 5' (3-3) FT. O/U+ o 6.75:1.97 | u 6.75:1.79 | 2H 6' (3-4) FT. O/U+ o 7.5:1.88 | u 7.5:1.88 | 2H 7' (3-5) FT. O/U+ o 8.5:2.15 | u 8.5:1.63
02/08/2026 18:26,SABA CLUB FRIENDLY Virtual PES 21 - 15 Mins Play,Atletico de Madrid (V),Inter Milan (V),1-2,1,2,1H 1' | 1H 4' | 2H 0',o 3.5:4.85 | u 3.5:1.10,o 2.5:5.55 | u 2.5:1.06,FT. O/U,o 3:1.75 | u 3:2.01,,FT. O/U,o 2.75:1.92 | u 2.75:1.84,o 1.5:1.94 | u 1.5:1.82,0 - 1,1H 1' (0-1) FT. O/U+ o 2.75:1.92 | u 2.75:1.84 | 1H 4' (1-1) FT. O/U+ o 3.25:1.93 | u 3.25:1.83 | 2H 0' (1-2) FT. O/U+ o 3.75:1.67 | u 3.75:2.10
02/08/2026 18:26,SABA CLUB FRIENDLY Virtual PES 21 - 15 Mins Play,CA Osasuna (V),Tottenham Hotspur (V),2-2,2,2,1H 1' | 1H 4' | 1H 7' | 2H 1',o 4.5:4.33 | u 4.5:1.14,o 2.5:5.55 | u 2.5:1.06,FT. O/U,o 4:1.83 | u 4:1.93,,FT. O/U,o 3.25:1.98 | u 3.25:1.78,o 2:2.12 | u 2:1.65,1 - 0,1H 1' (1-0) FT. O/U+ o 3.25:1.92 | u 3.25:1.84 | 1H 4' (2-0) FT. O/U+ o 3.5:1.75 | u 3.5:2.01 | 1H 7' (2-1) FT. O/U+ o 4:1.83 | u 4:1.93 | 2H 1' (2-2) FT. O/U+ o 4.75:1.72 | u 4.75:2.04
02/08/2026 18:27,SABA INTERNATIONAL FRIENDLY Virtual FC 24 - 16 Mins Play,Denmark (V),USA (V),1-0,2,3,1H 1' | 2H 4' | 2H 7' | 2H 8',o 4.5:3.94 | u 4.5:1.10,o 1.5:3.70 | u 1.5:1.13,FT. O/U,o 2.5:2.00 | u 2.5:1.76,,FT. O/U,o 3.75:1.95 | u 3.75:1.81,o 2:1.71 | u 2:2.05,1 - 0,1H 1' (1-0) FT. O/U+ o 3.75:1.89 | u 3.75:1.87 | 2H 2' (1-1) FT. O/U+ o 3:1.87 | u 3:1.89 | 2H 7' (2-2) FT. O/U o 3.5:3.56 | u 3.5:1.15 | 2H 8' (2-3)
02/08/2026 18:33,SABA INTERNATIONAL FRIENDLY Virtual PES 21 - 20 Mins Play,Denmark (V),Norway (V),2-0,2,1,1H 2' | 1H 4' | 2H 5',o 3.5:4.57 | u 3.5:1.12,o 2.5:4.45 | u 2.5:1.13,FT. O/U,o 3.5:1.89 | u 3.5:1.87,,FT. O/U,o 3:1.96 | u 3:1.80,o 1.25:1.86 | u 1.25:1.90,0 - 0,1H 2' (1-0) FT. O/U+ o 3.75:1.98 | u 3.75:1.78 | 1H 4' (2-0) FT. O/U+ o 4.25:1.85 | u 4.25:1.91 | 2H 5' (2-1) FT. O/U+ o 3.5:2.16 | u 3.5:1.62
02/08/2026 18:36,SABA INTERNATIONAL FRIENDLY Virtual PES 21 - 20 Mins Play,China (V),Australia (V),0-2,2,2,1H 0' | 1H 5' | 2H 4' | 2H 8',o 4.5:3.63 | u 4.5:1.22,o 2.5:4.33 | u 2.5:1.14,FT. O/U,o 3.5:1.81 | u 3.5:1.95,,FT. O/U,o 4:1.85 | u 4:1.91,o 2.25:1.73 | u 2.25:2.03,0 - 1,1H 0' (0-1) FT. O/U+ o 4.25:1.80 | u 4.25:1.96 | 1H 5' (0-2) FT. O/U+ o 4.25:1.80 | u 4.25:1.96 | 2H 4' (1-2) FT. O/U+ o 3.75:1.84 | u 3.75:1.92 | 2H 8' (2-2) FT. O/U+ o 4.5:3.44 | u 4.5:1.25
02/08/2026 18:39,SABA VIETNAM V LEAGUE 1 Virtual PES 24 - 15 Mins Play,Becamex Binh Duong (V),SHB Da Nang FC (V),1-0,1,0,1H 6',o 1.5:6.26 | u 1.5:1.03,o 1.5:6.56 | u 1.5:1.02,FT. O/U,o 1.5:1.72 | u 1.5:2.04,,FT. O/U,o 1.5:1.99 | u 1.5:1.77,o 0.5:1.71 | u 0.5:2.05,0 - 0,1H 6' (1-0) FT. O/U o 1.75:1.88 | u 1.75:1.88
02/08/2026 18:40,SABA CLUB FRIENDLY Virtual PES 21 - 15 Mins Play,FC Koln (V),AC Milan (V),0-0,0,0,,o 0.5:4.33 | u 0.5:1.14,o 0.5:6.56 | u 0.5:1.02,FT. O/U,o 1:1.92 | u 1:1.84,,FT. O/U,o 1.75:1.83 | u 1.75:1.93,o 0.5:1.79 | u 0.5:1.97,0 - 0,
02/08/2026 18:40,SABA VIETNAM V LEAGUE 1 Virtual PES 24 - 15 Mins Play,Hong Linh Ha Tinh (V),Cong An Ha Noi FC (V),1-2,2,2,1H 0' | 1H 2' | 1H 3' | 2H 7',o 3.5:5.55 | u 3.5:1.06,o 3.5:6.56 | u 3.5:1.02,FT. O/U,o 3.75:1.99 | u 3.75:1.77,,FT. O/U,o 2.25:1.73 | u 2.25:2.03,o 1.5:1.84 | u 1.5:1.92,0 - 1,1H 0' (0-1) FT. O/U+ o 2.5:1.90 | u 2.5:1.86 | 1H 2' (1-1) FT. O/U+ o 3.25:1.85 | u 3.25:1.91 | 1H 3' (1-2) FT. O/U+ o 4:1.78 | u 4:1.98 | 2H 7' (2-2)
02/08/2026 18:42,SABA INTERNATIONAL FRIENDLY Virtual FC 24 - 16 Mins Play,Ghana (V),Netherlands (V),2-0,2,0,1H 1' | 1H 6',o 2.5:3.22 | u 2.5:1.21,o 2.5:3.50 | u 2.5:1.16,FT. O/U,o 3.5:1.90 | u 3.5:1.86,,FT. O/U,o 4:1.88 | u 4:1.88,o 2.25:1.73 | u 2.25:2.03,1 - 0,1H 1' (1-0) FT. O/U+ o 4:1.81 | u 4:1.95 | 1H 6' (2-0) FT. O/U+ o 4:1.93 | u 4:1.83
02/08/2026 18:43,SABA CLUB FRIENDLY Virtual PES 21 - 15 Mins Play,Manchester City (V),Real Sociedad (V),1-1,2,1,1H 6' | 1H 6' | 2H 8',o 2.5:4.23 | u 2.5:1.15,o 2.5:4.45 | u 2.5:1.13,FT. O/U,o 3.25:1.89 | u 3.25:1.87,,FT. O/U,o 2.5:1.90 | u 2.5:1.86,o 1:1.73 | u 1:2.03,0 - 0,1H 6' (1-0) FT. O/U+ o 2.5:1.95 | u 2.5:1.81 | 1H 6' (1-1) FT. O/U o 3.25:1.77 | u 3.25:1.99 | 2H 8' (2-1)
02/08/2026 18:45,SABA INTERNATIONAL FRIENDLY Virtual PES 21 - 20 Mins Play,Senegal (V),USA (V),1-0,1,0,1H 7',o 1.5:5.17 | u 1.5:1.08,o 1.5:5.17 | u 1.5:1.08,FT. O/U,o 2:1.82 | u 2:1.94,,FT. O/U,o 2:1.85 | u 2:1.91,o 1:1.81 | u 1:1.95,0 - 0,1H 7' (1-0) FT. O/U+ o 2.25:1.92 | u 2.25:1.84
02/08/2026 18:45,SABA INTERNATIONAL FRIENDLY Virtual PES 21 - 20 Mins Play,Switzerland (V),Germany (V),0-2,0,2,1H 0' | 1H 0',o 2.5:4.23 | u 2.5:1.15,o 2.5:4.57 | u 2.5:1.12,FT. O/U,o 3.25:1.73 | u 3.25:2.03,,FT. O/U,o 4.25:1.77 | u 4.25:1.99,o 3.25:2.09 | u 3.25:1.68,0 - 2,1H 0' (0-1) FT. O/U+ o 3.75:1.84 | u 3.75:1.92 | 1H 0' (0-2) FT. O/U+ o 4.5:1.89 | u 4.5:1.87
02/08/2026 18:54,SABA CLUB FRIENDLY Virtual PES 21 - 15 Mins Play,AS Monaco (V),Valencia CF (V),0-1,0,1,2H 1',o 1.5:4.70 | u 1.5:1.11,o 0.5:6.00 | u 0.5:1.04,FT. O/U,o 1:1.63 | u 1:2.15,,FT. O/U,o 2:1.80 | u 2:1.96,o 1:2.04 | u 1:1.72,0 - 0,2H 1' (0-1) FT. O/U+ o 2:1.97 | u 2:1.79
02/08/2026 18:57,SABA ENGLISH PREMIER LEAGUE Virtual PES 26 - 15 Mins Play,Chelsea (V),Sunderland (V),1-2,2,2,1H 2' | 1H 4' | 1H 5' | 2H 6',o 3.5:4.57 | u 3.5:1.12,o 3.5:6.56 | u 3.5:1.02,FT. O/U,o 3.75:2.02 | u 3.75:1.74,,FT. O/U,o 1.5:1.92 | u 1.5:1.84,o 0.5:2.04 | u 0.5:1.72,0 - 0,1H 2' (0-1) FT. O/U+ o 2.25:1.86 | u 2.25:1.90 | 1H 4' (0-2) FT. O/U+ o 3:1.77 | u 3:1.99 | 1H 5' (1-2) FT. O/U+ o 3.75:1.80 | u 3.75:1.96 | 2H 6' (2-2) FT. O/U o 3.5:4.57 | u 3.5:1.12
02/08/2026 18:57,SABA CLUB FRIENDLY Virtual PES 21 - 15 Mins Play,Bayer 04 Leverkusen (V),Barcelona (V),0-0,1,0,2H 6',o 1.5:4.85 | u 1.5:1.10,o 0.5:5.00 | u 0.5:1.09,FT. O/U,o 1:1.69 | u 1:2.08,o 0.5:5.00 | u 0.5:1.09,FT. O/U,o 2:1.83 | u 2:1.93,o 1:2.08 | u 1:1.69,0 - 0,2H 6' (1-0) 1H. O/U o 0.5:5.00 | u 0.5:1.09
02/08/2026 18:58,SABA INTERNATIONAL FRIENDLY Virtual FC 24 - 16 Mins Play,Germany (V),Portugal (V),1-2,2,3,1H 1' | 1H 6' | 1H 6' | 2H 3' | 2H 5',o 5.5:3.08 | u 5.5:1.24,o 3.5:4.03 | u 3.5:1.09,FT. O/U,o 4.5:1.92 | u 4.5:1.84,,FT. O/U,o 2.75:1.92 | u 2.75:1.84,o 1:1.78 | u 1:1.98,1 - 0,1H 1' (1-0) FT. O/U+ o 3.5:1.91 | u 3.5:1.85 | 1H 6' (1-1) FT. O/U+ o 3.75:1.77 | u 3.75:1.99 | 1H 6' (1-2) FT. O/U+ o 4.75:1.85 | u 4.75:1.91 | 2H 3' (1-3) FT. O/U+ o 4.75:2.08 | u 4.75:1.69 | 2H 5' (2-3) FT. O/U+ o 5.5:1.98 | u 5.5:1.78
02/08/2026 19:01,SABA INTERNATIONAL FRIENDLY Virtual PES 21 - 20 Mins Play,Sweden (V),Algeria (V),1-0,1,0,1H 4',o 1.5:4.57 | u 1.5:1.12,o 1.5:4.45 | u 1.5:1.13,FT. O/U,o 2.5:1.82 | u 2.5:1.94,,FT. O/U,o 3:1.93 | u 3:1.83,o 1.25:1.82 | u 1.25:1.94,0 - 0,1H 4' (1-0) FT. O/U+ o 3.25:1.91 | u 3.25:1.85
02/08/2026 19:01,SABA INTERNATIONAL FRIENDLY Virtual PES 21 - 20 Mins Play,Netherlands (V),France (V),1-1,1,1,1H 1' | 1H 9',o 2.5:4.45 | u 2.5:1.13,o 1.5:5.00 | u 1.5:1.09,FT. O/U,o 3.25:1.89 | u 3.25:1.87,,FT. O/U,o 3.25:1.87 | u 3.25:1.89,o 2:1.75 | u 2:2.01,0 - 1,1H 1' (0-1) FT. O/U+ o 3.25:1.79 | u 3.25:1.97 | 1H 9' (1-1) FT. O/U+ o 3.25:1.95 | u 3.25:1.81
02/08/2026 19:09,SABA CLUB FRIENDLY Virtual PES 21 - 15 Mins Play,Everton (V),Arminia Bielefeld (V),1-2,1,2,1H 1' | 1H 5' | 1H 5' | 1H 6',o 3.5:4.70 | u 3.5:1.11,o 3.5:5.35 | u 3.5:1.07,FT. O/U,o 4:1.79 | u 4:1.97,,FT. O/U,o 3:1.85 | u 3:1.91,o 1.75:1.67 | u 1.75:2.10,0 - 1,1H 1' (0-1) FT. O/U o 2.5:2.05 | u 2.5:1.71 | 1H 5' (0-1) FT. O/U o 2.5:2.05 | u 2.5:1.71 | 1H 5' (1-1) FT. O/U+ o 3.25:1.83 | u 3.25:1.93 | 1H 6' (1-2) FT. O/U+ o 4.25:2.03 | u 4.25:1.73
02/08/2026 19:09,SABA CLUB FRIENDLY Virtual PES 21 - 15 Mins Play,AS Roma (V),Udinese (V),0-1,2,1,1H 3' | 2H 3' | 2H 5',o 3.5:6.00 | u 3.5:1.04,o 1.5:6.00 | u 1.5:1.04,FT. O/U,o 1.75:1.80 | u 1.75:1.96,,FT. O/U,o 1.5:1.93 | u 1.5:1.83,o 0.5:1.78 | u 0.5:1.98,0 - 0,1H 3' (0-1) FT. O/U+ o 2.25:1.88 | u 2.25:1.88 | 2H 3' (1-1) FT. O/U+ o 2.5:2.39 | u 2.5:1.48 | 2H 5' (2-1) FT. O/U+ o 3.5:3.44 | u 3.5:1.25
02/08/2026 19:11,SABA INTERNATIONAL FRIENDLY Virtual FC 24 - 16 Mins Play,Ukraine (V),Morocco (V),1-0,1,0,2H 1',o 1.5:3.22 | u 1.5:1.21,o 0.5:4.23 | u 0.5:1.07,FT. O/U,o 1.25:1.88 | u 1.25:1.88,,FT. O/U,o 2.25:2.00 | u 2.25:1.76,o 0.75:1.75 | u 0.75:2.01,0 - 0,2H 1' (1-0) FT. O/U+ o 2.25:2.05 | u 2.25:1.71
02/08/2026 19:17,SABA INTERNATIONAL FRIENDLY Virtual PES 21 - 20 Mins Play,Argentina (V),Slovakia (V),0-1,1,1,1H 9' | 2H 5',o 2.5:4.70 | u 2.5:1.11,o 1.5:4.70 | u 1.5:1.11,FT. O/U,o 2.25:1.91 | u 2.25:1.85,,FT. O/U,o 2.5:1.79 | u 2.5:1.97,o 1.25:1.91 | u 1.25:1.85,0 - 0,1H 9' (0-1) FT. O/U+ o 2.25:1.80 | u 2.25:1.96 | 2H 5' (1-1) FT. O/U+ o 2.5:1.76 | u 2.5:2.00
02/08/2026 19:18,SABA INTERNATIONAL FRIENDLY Virtual PES 21 - 20 Mins Play,Ukraine (V),Belgium (V),1-2,1,3,1H 5' | 1H 7' | 1H 9' | 2H 8',o 4.5:5.17 | u 4.5:1.08,o 2.5:5.17 | u 2.5:1.08,FT. O/U,o 4.25:2.04 | u 4.25:1.72,,FT. O/U,o 2.25:1.85 | u 2.25:1.91,o 1.25:2.06 | u 1.25:1.70,0 - 0,1H 5' (0-1) FT. O/U o 2.75:1.96 | u 2.75:1.80 | 1H 7' (0-2) FT. O/U+ o 3.5:2.03 | u 3.5:1.73 | 1H 9' (1-2) FT. O/U+ o 4.25:1.98 | u 4.25:1.78 | 2H 8' (1-3) FT. O/U+ o 4.5:4.23 | u 4.5:1.15
02/08/2026 19:24,SABA ENGLISH PREMIER LEAGUE Virtual PES 26 - 15 Mins Play,Coventry City (V),Everton (V),0-0,0,1,2H 3',o 1.5:5.17 | u 1.5:1.08,o 0.5:6.56 | u 0.5:1.02,FT. O/U,o 1:1.87 | u 1:1.89,,FT. O/U,o 2:1.92 | u 2:1.84,o 0.75:1.93 | u 0.75:1.83,0 - 0,2H 3' (0-1) FT. O/U+ o 1.5:1.98 | u 1.5:1.78
02/08/2026 19:26,SABA INTERNATIONAL FRIENDLY Virtual FC 24 - 16 Mins Play,Italy (V),Croatia (V),0-0,0,0,,o 0.5:3.38 | u 0.5:1.18,o 0.5:4.03 | u 0.5:1.09,FT. O/U,o 1.25:1.96 | u 1.25:1.80,,FT. O/U,o 2.25:1.77 | u 2.25:1.99,o 1:2.05 | u 1:1.71,0 - 0,
02/08/2026 19:26,SABA CLUB FRIENDLY Virtual PES 21 - 15 Mins Play,Olympique de Marseille (V),Tottenham Hotspur (V),1-0,1,2,1H 5' | 2H 4' | 2H 6',o 3.5:5.00 | u 3.5:1.09,o 1.5:5.00 | u 1.5:1.09,FT. O/U,o 2:1.87 | u 2:1.89,,FT. O/U,o 2:1.83 | u 2:1.93,o 0.75:1.94 | u 0.75:1.82,0 - 0,1H 5' (1-0) FT. O/U+ o 2.25:1.83 | u 2.25:1.93 | 2H 4' (1-1) FT. O/U+ o 2.5:2.28 | u 2.5:1.54 | 2H 6' (1-2) FT. O/U+ o 3.5:4.45 | u 3.5:1.13
02/08/2026 19:27,SABA CLUB FRIENDLY Virtual PES 21 - 15 Mins Play,FSV Mainz 05 (V),Atalanta (V),1-2,1,4,1H 0' | 1H 3' | 2H 3' | 2H 6',o 5.5:4.70 | u 5.5:1.11,o 2.5:6.00 | u 2.5:1.04,FT. O/U,o 3:1.69 | u 3:2.08,,FT. O/U,o 2.75:1.92 | u 2.75:1.84,o 1.75:1.98 | u 1.75:1.78,1 - 0,1H 0' (1-0) FT. O/U+ o 3:1.97 | u 3:1.79 | 1H 3' (1-1) FT. O/U+ o 3.5:1.96 | u 3.5:1.80 | 2H 1' (1-2) FT. O/U+ o 3.75:1.74 | u 3.75:2.02 | 2H 6' (1-4) FT. O/U+ o 5.5:4.57 | u 5.5:1.12
02/08/2026 19:32,SABA INTERNATIONAL FRIENDLY Virtual PES 21 - 20 Mins Play,England (V),Spain (V),1-1,1,1,1H 1' | 1H 4',o 2.5:3.56 | u 2.5:1.23,o 2.5:4.45 | u 2.5:1.13,FT. O/U,o 3.75:1.97 | u 3.75:1.79,,FT. O/U,o 4:1.81 | u 4:1.95,o 2.25:1.79 | u 2.25:1.97,1 - 0,1H 1' (1-0) FT. O/U+ o 4:1.81 | u 4:1.95 | 1H 4' (1-1) FT. O/U+ o 4.5:1.86 | u 4.5:1.90
02/08/2026 19:33,SABA INTERNATIONAL FRIENDLY Virtual PES 21 - 20 Mins Play,Colombia (V),Switzerland (V),2-1,2,1,1H 0' | 1H 5' | 1H 7',o 3.5:5.00 | u 3.5:1.09,o 3.5:5.76 | u 3.5:1.05,FT. O/U,o 4:1.70 | u 4:2.06,,FT. O/U,o 2.75:1.84 | u 2.75:1.92,o 1.75:1.76 | u 1.75:2.00,0 - 1,1H 0' (0-1) FT. O/U+ o 3:2.00 | u 3:1.76 | 1H 5' (1-1) FT. O/U+ o 3.25:1.74 | u 3.25:2.02 | 1H 7' (2-1) FT. O/U o 3.25:1.87 | u 3.25:1.89
02/08/2026 19:39,SABA VIETNAM V LEAGUE 1 Virtual PES 24 - 15 Mins Play,Ha Noi FC (V),Song Lam Nghe An (V),1-1,1,1,1H 2' | 1H 3',o 2.5:5.35 | u 2.5:1.07,o 2.5:6.26 | u 2.5:1.03,FT. O/U,o 3:2.05 | u 3:1.71,,FT. O/U,o 1.75:1.84 | u 1.75:1.92,o 0.75:1.92 | u 0.75:1.84,0 - 0,1H 2' (0-1) FT. O/U+ o 2.5:1.80 | u 2.5:1.96 | 1H 3' (1-1) FT. O/U+ o 3.5:2.03 | u 3.5:1.73
02/08/2026 19:40,SABA CLUB FRIENDLY Virtual PES 21 - 15 Mins Play,Bayern Munchen (V),Lazio (V),0-1,1,2,1H 1' | 2H 6',o 3.5:4.57 | u 3.5:1.12,o 1.5:6.26 | u 1.5:1.03,FT. O/U,o 2:2.06 | u 2:1.70,,FT. O/U,o 2.5:1.76 | u 2.5:2.00,o 1.75:1.92 | u 1.75:1.84,0 - 1,1H 1' (0-1) FT. O/U+ o 2.75:1.92 | u 2.75:1.84 | 2H 2' (1-1) FT. O/U+ o 2.5:1.83 | u 2.5:1.93
02/08/2026 19:41,SABA CLUB FRIENDLY Virtual PES 21 - 15 Mins Play,Liverpool (V),Sevilla (V),0-1,1,2,1H 2' | 2H 3' | 2H 7',o 2.5:4.57 | u 2.5:1.12,o 1.5:4.70 | u 1.5:1.11,FT. O/U,o 2.5:1.87 | u 2.5:1.89,,FT. O/U,o 2.5:1.79 | u 2.5:1.97,o 1.25:2.09 | u 1.25:1.68,0 - 0,1H 2' (0-1) FT. O/U+ o 3.5:2.00 | u 3.5:1.76 | 2H 3' (0-2) FT. O/U+ o 2.5:1.75 | u 2.5:2.01 | 2H 7' (1-2)
02/08/2026 19:41,SABA VIETNAM V LEAGUE 1 Virtual PES 24 - 15 Mins Play,Quang Nam (V),The Cong - Viettel (V),0-1,1,1,1H 1' | 2H 3',o 2.5:5.76 | u 2.5:1.05,o 1.5:6.26 | u 1.5:1.03,FT. O/U,o 1.75:1.86 | u 1.75:1.90,,FT. O/U,o 2.5:1.99 | u 2.5:1.77,o 1.5:1.79 | u 1.5:1.97,0 - 1,1H 1' (0-1) FT. O/U+ o 2.5:1.93 | u 2.5:1.83 | 2H 3' (1-1) FT. O/U+ o 2.5:2.25 | u 2.5:1.56
02/08/2026 19:43,SABA INTERNATIONAL FRIENDLY Virtual FC 24 - 16 Mins Play,Wales  (V),Ghana (V),1-0,2,1,1H 6' | 2H 6',o 3.5:3.56 | u 3.5:1.15,o 1.5:4.70 | u 1.5:1.03,FT. O/U,o 2:1.76 | u 2:2.00,,FT. O/U,o 2:1.99 | u 2:1.77,o 0.75:1.86 | u 0.75:1.90,0 - 0,1H 6' (1-0) FT. O/U+ o 2.25:1.99 | u 2.25:1.77 | 2H 2' (2-0) FT. O/U+ o 2.75:1.96 | u 2.75:1.80
02/08/2026 19:47,SABA INTERNATIONAL FRIENDLY Virtual PES 21 - 20 Mins Play,Mali (V),Finland (V),0-0,1,0,2H 3',o 1.5:5.00 | u 1.5:1.09,o 0.5:5.35 | u 0.5:1.07,FT. O/U,o 1.25:2.02 | u 1.25:1.74,,FT. O/U,o 2.25:1.77 | u 2.25:1.99,o 1:1.77 | u 1:1.99,0 - 0,2H 3' (1-0) FT. O/U o 1:1.95 | u 1:1.81
02/08/2026 19:54,SABA CLUB FRIENDLY Virtual PES 21 - 15 Mins Play,Arsenal (V),Udinese (V),0-1,0,1,1H 2',o 1.5:4.33 | u 1.5:1.14,o 1.5:6.00 | u 1.5:1.04,FT. O/U,o 2:1.72 | u 2:2.04,,FT. O/U,o 2.25:2.00 | u 2.25:1.76,o 1:1.97 | u 1:1.79,0 - 0,1H 2' (0-1) FT. O/U+ o 2.75:1.75 | u 2.75:2.01
02/08/2026 19:54,SABA CLUB FRIENDLY Virtual PES 21 - 15 Mins Play,FC Koln (V),Napoli (V),0-0,1,0,2H 2',o 1.5:5.35 | u 1.5:1.07,o 0.5:6.00 | u 0.5:1.04,FT. O/U,o 1:2.01 | u 1:1.75,,FT. O/U,o 1.75:1.90 | u 1.75:1.86,o 1:2.10 | u 1:1.67,0 - 0,2H 2' (1-0) FT. O/U+ o 1.75:1.88 | u 1.75:1.88
02/08/2026 19:56,SABA ENGLISH PREMIER LEAGUE Virtual PES 26 - 15 Mins Play,Hull City (V),Arsenal (V),0-0,1,0,2H 6',o 1.5:4.70 | u 1.5:1.11,o 0.5:5.35 | u 0.5:1.07,FT. O/U,o 1.25:1.76 | u 1.25:2.00,,FT. O/U,o 2.5:1.86 | u 2.5:1.90,o 1:1.85 | u 1:1.91,0 - 0,2H 6' (1-0) FT. O/U+ o 1.5:3.17 | u 1.5:1.30
02/08/2026 19:56,SABA INTERNATIONAL FRIENDLY Virtual FC 24 - 16 Mins Play,Czech Republic (V),Mexico (V),1-0,1,1,1H 0' | 2H 4',o 2.5:3.27 | u 2.5:1.20,o 1.5:4.03 | u 1.5:1.09,FT. O/U,o 2.5:2.00 | u 2.5:1.76,,FT. O/U,o 3.75:1.93 | u 3.75:1.83,o 2.25:2.02 | u 2.25:1.74,1 - 0,1H 0' (1-0) FT. O/U+ o 3.75:1.86 | u 3.75:1.90 | 2H 4' (1-1) FT. O/U+ o 2.5:2.11 | u 2.5:1.66
02/08/2026 19:58,SABA INTERNATIONAL FRIENDLY Virtual PES 21 - 20 Mins Play,Tunisia (V),Saudi Arabia  (V),0-1,0,1,1H 3',o 1.5:5.35 | u 1.5:1.07,o 1.5:5.76 | u 1.5:1.05,FT. O/U,o 2:1.77 | u 2:1.99,,FT. O/U,o 2:1.76 | u 2:2.00,o 1:2.10 | u 1:1.67,0 - 0,1H 3' (0-1) FT. O/U+ o 2.75:1.85 | u 2.75:1.91
02/08/2026 20:02,SABA INTERNATIONAL FRIENDLY Virtual PES 21 - 20 Mins Play,Poland (V),Nigeria (V),1-0,3,1,1H 1' | 2H 3' | 2H 8',o 4.5:5.17 | u 4.5:1.08,o 1.5:5.55 | u 1.5:1.06,FT. O/U,o 2:1.70 | u 2:2.06,,FT. O/U,o 3:1.86 | u 3:1.90,o 1.75:1.69 | u 1.75:2.08,1 - 0,1H 1' (1-0) FT. O/U+ o 3:1.86 | u 3:1.90 | 2H 2' (1-1) FT. O/U+ o 2.75:1.81 | u 2.75:1.95 | 2H 8' (3-1) FT. O/U+ o 4.5:4.70 | u 4.5:1.11
02/08/2026 20:10,SABA CLUB FRIENDLY Virtual PES 21 - 15 Mins Play,Bayer 04 Leverkusen (V),AC Milan (V),1-1,1,3,1H 2' | 1H 3' | 2H 5',o 4.5:5.17 | u 4.5:1.08,o 2.5:5.35 | u 2.5:1.07,FT. O/U,o 3.25:2.15 | u 3.25:1.63,,FT. O/U,o 2:1.97 | u 2:1.79,o 1:2.05 | u 1:1.71,0 - 0,1H 2' (0-1) FT. O/U+ o 3.5:1.94 | u 3.5:1.82 | 1H 3' (1-1) FT. O/U+ o 3.5:1.94 | u 3.5:1.82 | 2H 2' (1-2) FT. O/U+ o 3.75:1.79 | u 3.75:1.97
02/08/2026 20:11,SABA CLUB FRIENDLY Virtual PES 21 - 15 Mins Play,Real Madrid (V),Manchester City (V),2-0,3,0,2H 7',o 2.5:4.85 | u 2.5:1.10,o 0.5:4.70 | u 0.5:1.11,FT. O/U,o 1.5:2.00 | u 1.5:1.76,,FT. O/U,o 2.75:1.98 | u 2.75:1.78,o 1:1.77 | u 1:1.99,0 - 0,2H 0' (1-0) FT. O/U+ o 2.25:1.80 | u 2.25:1.96
02/08/2026 20:15,SABA INTERNATIONAL FRIENDLY Virtual FC 24 - 16 Mins Play,Romania (V),Finland (V),1-1,1,2,1H 0' | 1H 2' | 2H 6',o 3.5:2.61 | u 3.5:1.38,o 2.5:4.03 | u 2.5:1.09,FT. O/U,o 3:2.04 | u 3:1.72,,FT. O/U,o 2.25:1.79 | u 2.25:1.97,o 1.5:1.91 | u 1.5:1.85,1 - 0,1H 0' (1-0) FT. O/U+ o 2.5:2.03 | u 2.5:1.73 | 1H 2' (1-1) FT. O/U+ o 3.25:1.98 | u 3.25:1.78 | 2H 6' (1-2) FT. O/U+ o 3.5:2.54 | u 3.5:1.41
02/08/2026 20:21,SABA INTERNATIONAL FRIENDLY Virtual PES 21 - 20 Mins Play,USA (V),Algeria (V),2-1,2,4,1H 0' | 1H 9' | 2H 6',o 6.5:4.23 | u 6.5:1.15,o 1.5:4.70 | u 1.5:1.11,FT. O/U,o 3.5:2.03 | u 3.5:1.73,,FT. O/U,o 3.25:1.89 | u 3.25:1.87,o 1.5:1.84 | u 1.5:1.92,1 - 0,1H 0' (1-0) FT. O/U+ o 3.5:1.84 | u 3.5:1.92 | 1H 9' (2-0) FT. O/U+ o 3.5:1.91 | u 3.5:1.85 | 2H 0' (2-1) FT. O/U+ o 4.25:1.98 | u 4.25:1.78
02/08/2026 20:23,SABA CLUB FRIENDLY Virtual PES 21 - 15 Mins Play,Girondins de Bordeaux (V),Olympique Lyonnais (V),0-1,0,1,1H 4',o 1.5:5.35 | u 1.5:1.07,o 1.5:6.56 | u 1.5:1.02,FT. O/U,o 1.75:1.67 | u 1.75:2.10,,FT. O/U,o 1.75:2.00 | u 1.75:1.76,o 0.5:1.72 | u 0.5:2.04,0 - 0,1H 4' (0-1) FT. O/U+ o 2.25:2.04 | u 2.25:1.72
02/08/2026 20:25,SABA CLUB FRIENDLY Virtual PES 21 - 15 Mins Play,Paris Saint Germain (V),Atletico de Madrid (V),0-1,0,2,2H 5',o 2.5:4.57 | u 2.5:1.12,o 0.5:5.17 | u 0.5:1.08,FT. O/U,o 1.25:1.73 | u 1.25:2.03,,FT. O/U,o 2.5:1.86 | u 2.5:1.90,o 1:1.69 | u 1:2.08,0 - 0,2H 0' (0-1) FT. O/U o 1.25:1.88 | u 1.25:1.88
02/08/2026 20:25,SABA ENGLISH PREMIER LEAGUE Virtual PES 26 - 15 Mins Play,Liverpool (V),Crystal Palace (V),0-1,0,1,1H 4',o 1.5:4.45 | u 1.5:1.13,o 1.5:5.17 | u 1.5:1.08,FT. O/U,o 2.25:1.85 | u 2.25:1.91,,FT. O/U,o 2.75:1.94 | u 2.75:1.82,o 1:1.73 | u 1:2.03,0 - 0,1H 4' (0-1) FT. O/U+ o 2.75:1.73 | u 2.75:2.03
02/08/2026 20:28,SABA INTERNATIONAL FRIENDLY Virtual FC 24 - 16 Mins Play,Sweden (V),Croatia (V),1-1,2,1,1H 2' | 2H 6',o 3.5:3.44 | u 3.5:1.17,o 1.5:4.45 | u 1.5:1.05,FT. O/U,o 2.25:1.74 | u 2.25:2.02,,FT. O/U,o 2.5:1.79 | u 2.5:1.97,o 1:1.76 | u 1:2.00,0 - 0,1H 2' (1-0) FT. O/U+ o 3.25:1.76 | u 3.25:2.00 | 2H 0' (1-1) FT. O/U+ o 3.25:1.73 | u 3.25:2.03
02/08/2026 20:31,SABA INTERNATIONAL FRIENDLY Virtual PES 21 - 20 Mins Play,North Korea (V),Thailand (V),1-0,2,0,2H 7',o 2.5:5.35 | u 2.5:1.07,o 0.5:5.00 | u 0.5:1.09,FT. O/U,o 1:1.70 | u 1:2.06,,FT. O/U,o 2.25:1.87 | u 2.25:1.89,o 1:1.80 | u 1:1.96,0 - 0,2H 0' (1-0) FT. O/U+ o 2:1.81 | u 2:1.95
02/08/2026 20:32,SABA INTERNATIONAL FRIENDLY Virtual PES 21 - 20 Mins Play,Switzerland (V),Slovenia (V),1-0,1,0,1H 7',o 1.5:5.00 | u 1.5:1.09,o 1.5:4.85 | u 1.5:1.10,FT. O/U,o 2.25:2.01 | u 2.25:1.75,,FT. O/U,o 2.25:1.78 | u 2.25:1.98,o 1:1.77 | u 1:1.99,0 - 0,1H 7' (1-0) FT. O/U+ o 2.25:1.73 | u 2.25:2.03
02/08/2026 20:35,SABA VIETNAM V LEAGUE 1 Virtual PES 24 - 15 Mins Play,Cong An Ha Noi FC (V),Thanh Hoa FC (V),0-0,0,0,,o 0.5:5.55 | u 0.5:1.06,o 0.5:6.88 | u 0.5:1.01,FT. O/U,o 0.75:1.78 | u 0.75:1.98,o 0.5:6.88 | u 0.5:1.01,FT. O/U,o 1.5:1.82 | u 1.5:1.94,o 0.5:1.73 | u 0.5:2.03,0 - 0,
02/08/2026 20:38,SABA CLUB FRIENDLY Virtual PES 21 - 15 Mins Play,FC Koln (V),CA Osasuna (V),0-0,0,0,,o 0.5:5.00 | u 0.5:1.09,o 0.5:6.56 | u 0.5:1.02,FT. O/U,o 0.75:1.79 | u 0.75:1.97,,FT. O/U,o 1.5:1.94 | u 1.5:1.82,o 0.5:1.73 | u 0.5:2.03,0 - 0,
02/08/2026 20:39,SABA VIETNAM V LEAGUE 1 Virtual PES 24 - 15 Mins Play,Hoang Anh Gia Lai (V),Nam Dinh (V),0-1,0,1,1H 1',o 1.5:5.76 | u 1.5:1.05,o 1.5:6.88 | u 1.5:1.01,FT. O/U,o 1.75:2.02 | u 1.75:1.74,,FT. O/U,o 2.25:1.86 | u 2.25:1.90,o 1.5:2.11 | u 1.5:1.66,0 - 1,1H 1' (0-1) FT. O/U+ o 2.25:1.79 | u 2.25:1.97
02/08/2026 20:40,SABA INTERNATIONAL FRIENDLY Virtual FC 24 - 16 Mins Play,Hungary (V),Qatar (V),0-0,0,1,2H 8',o 0.5:3.44 | u 0.5:1.17,o 0.5:3.50 | u 0.5:1.16,FT. O/U,o 1.25:1.80 | u 1.25:1.96,,FT. O/U,o 2.25:1.96 | u 2.25:1.80,o 1:2.08 | u 1:1.69,0 - 0,2H 8' (0-1)
02/08/2026 20:40,SABA CLUB FRIENDLY Virtual PES 21 - 15 Mins Play,FSV Mainz 05 (V),Barcelona (V),0-2,1,2,1H 3' | 2H 6',o 3.5:5.00 | u 3.5:1.09,o 1.5:5.55 | u 1.5:1.06,FT. O/U,o 2:1.79 | u 2:1.97,,FT. O/U,o 2:1.77 | u 2:1.99,o 1:1.99 | u 1:1.77,0 - 0,1H 3' (0-1) FT. O/U+ o 2.5:1.76 | u 2.5:2.00 | 2H 1' (0-2) FT. O/U+ o 2.75:1.70 | u 2.75:2.06
02/08/2026 20:48,SABA INTERNATIONAL FRIENDLY Virtual PES 21 - 20 Mins Play,Qatar (V),Israel (V),2-1,3,2,1H 6' | 1H 8' | 1H 9' | 2H 3' | 2H 4',o 5.5:5.17 | u 5.5:1.08,o 3.5:4.57 | u 3.5:1.12,FT. O/U,o 4.25:1.95 | u 4.25:1.81,,FT. O/U,o 2.5:1.90 | u 2.5:1.86,o 1.25:2.04 | u 1.25:1.72,0 - 0,1H 6' (1-0) FT. O/U+ o 2.75:1.88 | u 2.75:1.88 | 1H 8' (1-1) FT. O/U+ o 3.5:2.03 | u 3.5:1.73 | 1H 9' (2-1) FT. O/U+ o 4.25:1.77 | u 4.25:1.99 | 2H 3' (3-1) FT. O/U+ o 4.75:1.99 | u 4.75:1.77 | 2H 4' (3-2) FT. O/U+ o 5.5:1.83 | u 5.5:1.93
02/08/2026 20:50,SABA INTERNATIONAL FRIENDLY Virtual PES 21 - 20 Mins Play,Italy (V),Argentina (V),1-2,1,2,1H 0' | 1H 4' | 1H 6',o 3.5:4.57 | u 3.5:1.12,o 3.5:5.17 | u 3.5:1.08,FT. O/U,o 4.5:1.83 | u 4.5:1.93,,FT. O/U,o 3.5:1.97 | u 3.5:1.79,o 2.25:2.09 | u 2.25:1.68,1 - 0,1H 0' (1-0) FT. O/U+ o 3.75:1.93 | u 3.75:1.83 | 1H 4' (1-1) FT. O/U o 3:1.79 | u 3:1.97 | 1H 6' (1-2) FT. O/U+ o 4.75:1.81 | u 4.75:1.95
02/08/2026 20:53,SABA CLUB FRIENDLY Virtual PES 21 - 15 Mins Play,Sevilla (V),Valencia CF (V),0-0,1,0,2H 4',o 1.5:4.33 | u 1.5:1.14,o 0.5:6.26 | u 0.5:1.03,FT. O/U,o 1.25:2.02 | u 1.25:1.74,,FT. O/U,o 2.25:2.02 | u 2.25:1.74,o 0.75:1.74 | u 0.75:2.02,0 - 0,2H 4' (1-0) FT. O/U+ o 1.5:1.92 | u 1.5:1.84
02/08/2026 20:53,SABA ENGLISH PREMIER LEAGUE Virtual PES 26 - 15 Mins Play,Manchester City (V),Nottingham Forest (V),0-0,0,0,,o 0.5:4.45 | u 0.5:1.13,o 0.5:6.00 | u 0.5:1.04,FT. O/U,o 1:1.76 | u 1:2.00,,FT. O/U,o 2:1.82 | u 2:1.94,o 1:2.05 | u 1:1.71,0 - 0,
02/08/2026 20:58,SABA CLUB FRIENDLY Virtual PES 21 - 15 Mins Play,Leicester City (V),Bayer 04 Leverkusen (V),0-0,3,0,2H 3' | 2H 6' | 2H 7',o 3.5:5.55 | u 3.5:1.06,o 0.5:6.26 | u 0.5:1.03,FT. O/U,o 1:2.04 | u 1:1.72,,FT. O/U,o 1.75:1.93 | u 1.75:1.83,o 0.75:1.94 | u 0.75:1.82,0 - 0,2H 3' (1-0) FT. O/U+ o 1.5:1.91 | u 1.5:1.85 | 2H 6' (2-0) FT. O/U+ o 2.5:4.13 | u 2.5:1.16 | 2H 7' (3-0) FT. O/U+ o 3.5:5.35 | u 3.5:1.07
02/08/2026 21:03,SABA INTERNATIONAL FRIENDLY Virtual PES 21 - 20 Mins Play,Turkey (V),Denmark (V),0-0,0,0,,o 0.5:4.57 | u 0.5:1.12,o 0.5:4.85 | u 0.5:1.10,FT. O/U,o 1.25:1.95 | u 1.25:1.81,,FT. O/U,o 2.25:1.85 | u 2.25:1.91,o 1:1.74 | u 1:2.02,0 - 0,
02/08/2026 21:55,SABA INTERNATIONAL FRIENDLY Virtual PES 21 - 20 Mins Play,Georgia (V),Cyprus (V),2-0,3,0,1H 4' | 1H 6' | 2H 5',o 3.5:4.85 | u 3.5:1.10,o 2.5:5.17 | u 2.5:1.08,FT. O/U,o 2.75:1.74 | u 2.75:2.02,,FT. O/U,o 2:2.03 | u 2:1.73,o 0.75:1.98 | u 0.75:1.78,0 - 0,1H 4' (1-0) FT. O/U+ o 2.5:1.99 | u 2.5:1.77 | 1H 6' (2-0) FT. O/U+ o 3.25:1.86 | u 3.25:1.90 | 2H 5' (3-0) FT. O/U+ o 3.5:2.41 | u 3.5:1.47
02/08/2026 21:55,SABA INTERNATIONAL FRIENDLY Virtual FC 24 - 16 Mins Play,England (V),Argentina (V),0-4,1,5,1H 4' | 1H 6' | 1H 6' | 1H 7' | 2H 4' | 2H 6',o 6.5:3.27 | u 6.5:1.20,o 4.5:4.57 | u 4.5:1.04,FT. O/U,o 5.25:1.86 | u 5.25:1.90,,FT. O/U,o 2.5:1.78 | u 2.5:1.98,o 1:1.83 | u 1:1.93,0 - 0,1H 4' (0-1) FT. O/U+ o 2.75:1.78 | u 2.75:1.98 | 1H 6' (0-2) FT. O/U o 3.75:2.01 | u 3.75:1.75 | 1H 6' (0-3) FT. O/U+ o 4.5:1.97 | u 4.5:1.79 | 1H 7' (0-4) FT. O/U+ o 5.25:1.80 | u 5.25:1.96 | 2H 4' (0-5) FT. O/U+ o 5.5:1.89 | u 5.5:1.87 | 2H 6' (1-5) FT. O/U o 5.5:2.49 | u 5.5:1.43
02/08/2026 21:59,SABA INTERNATIONAL FRIENDLY Virtual FC 24 - 16 Mins Play,Romania (V),Scotland (V),0-0,1,0,2H 3',o 1.5:2.35 | u 1.5:1.50,o 0.5:4.85 | u 0.5:1.02,FT. O/U,o 1:1.76 | u 1:2.00,,FT. O/U,o 1.75:1.97 | u 1.75:1.79,o 0.5:1.72 | u 0.5:2.04,0 - 0,2H 3' (1-0) FT. O/U+ o 1.5:1.87 | u 1.5:1.89
02/08/2026 21:59,SABA CLUB FRIENDLY Virtual PES 21 - 15 Mins Play,Liverpool (V),Real Sociedad (V),3-1,4,2,1H 3' | 1H 6' | 1H 7' | 2H 2',o 6.5:1.72 | u 6.5:2.04,o 2.5:5.55 | u 2.5:1.06,FT. O/U,o 4.25:1.83 | u 4.25:1.93,,FT. O/U,o 2.75:1.93 | u 2.75:1.83,o 1:1.78 | u 1:1.98,0 - 0,1H 3' (1-0) FT. O/U o 3.25:1.94 | u 3.25:1.82 | 1H 6' (2-0) FT. O/U+ o 3.5:1.92 | u 3.5:1.84 | 1H 7' (2-1) FT. O/U+ o 4.25:1.83 | u 4.25:1.93 | 2H 1' (3-1) FT. O/U+ o 5:2.00 | u 5:1.76
02/08/2026 22:00,SABA CLUB FRIENDLY Virtual PES 21 - 15 Mins Play,AC Milan (V),Borussia Dortmund (V),2-2,2,2,1H 4' | 1H 6' | 1H 6' | 2H 0',o 4.75:1.97 | u 4.75:1.79,o 3.5:5.35 | u 3.5:1.07,FT. O/U,o 4:1.98 | u 4:1.78,,FT. O/U,o 2:1.86 | u 2:1.90,o 0.75:1.67 | u 0.75:2.10,0 - 0,1H 4' (1-0) FT. O/U+ o 2.5:1.98 | u 2.5:1.78 | 1H 6' (2-0) FT. O/U+ o 3:1.75 | u 3:2.01 | 1H 6' (2-1) FT. O/U+ o 4:1.83 | u 4:1.93 | 2H 0' (2-2) FT. O/U+ o 4.75:1.73 | u 4.75:2.03
02/08/2026 22:02,SABA INTERNATIONAL FRIENDLY Virtual PES 21 - 20 Mins Play,Mexico (V),Spain (V),1-0,1,0,1H 3',o 2:1.99 | u 2:1.77,o 1.5:4.85 | u 1.5:1.10,FT. O/U,o 2.5:1.92 | u 2.5:1.84,,FT. O/U,o 2.75:1.94 | u 2.75:1.82,o 1.25:1.89 | u 1.25:1.87,0 - 0,1H 3' (1-0) FT. O/U+ o 3.25:1.89 | u 3.25:1.87
02/08/2026 22:03,SABA INTERNATIONAL FRIENDLY Virtual PES 21 - 20 Mins Play,Croatia (V),Brazil (V),1-1,1,1,1H 1' | 1H 5',o 3.25:2.15 | u 3.25:1.63,o 2.5:4.13 | u 2.5:1.16,FT. O/U,o 3.5:1.83 | u 3.5:1.93,,FT. O/U,o 3.75:1.90 | u 3.75:1.86,o 2:1.83 | u 2:1.93,1 - 0,1H 1' (1-0) FT. O/U+ o 3.75:1.90 | u 3.75:1.86 | 1H 5' (1-1) FT. O/U+ o 4.25:1.93 | u 4.25:1.83
02/08/2026 22:07,SABA CLUB FRIENDLY Virtual PES 21 - 15 Mins Play,Juventus (V),Chelsea (V),,0,0,,o 2.25:1.99 | u 2.25:1.77,o 0.75:1.83 | u 0.75:1.93,,,,FT. O/U,o 2.5:1.78 | u 2.5:1.98,o 1.25:2.03 | u 1.25:1.73,0 - 0,
02/08/2026 22:07,SABA CLUB FRIENDLY Virtual PES 21 - 15 Mins Play,Lazio (V),Napoli (V),,0,0,,o 1.5:1.82 | u 1.5:1.94,o 0.5:2.04 | u 0.5:1.72,,,,FT. O/U,o 1.75:1.90 | u 1.75:1.86,o 0.5:1.78 | u 0.5:1.98,0 - 0,
02/08/2026 22:07,SABA CLUB FRIENDLY Virtual PES 21 - 15 Mins Play,Barcelona (V),CA Osasuna (V),,0,0,,o 1.75:1.80 | u 1.75:1.96,o 0.75:2.04 | u 0.75:1.72,,,,FT. O/U,o 2:1.92 | u 2:1.84,o 0.75:1.74 | u 0.75:2.02,0 - 0,
02/08/2026 22:07,SABA CLUB FRIENDLY Virtual PES 21 - 15 Mins Play,Getafe CF (V),FC Koln (V),,0,0,,o 1.25:1.96 | u 1.25:1.80,o 0.5:2.33 | u 0.5:1.51,,,,FT. O/U,o 1.5:1.94 | u 1.5:1.82,o 0.5:1.71 | u 0.5:2.05,0 - 0,
02/08/2026 22:08,SABA INTERNATIONAL FRIENDLY Virtual FC 24 - 16 Mins Play,Wales  (V),Finland (V),,1,1,1H 1' | 1H 1',o 3.25:1.73 | u 3.25:2.03,o 2.5:2.27 | u 2.5:1.55,,,,FT. O/U,o 3.5:1.96 | u 3.5:1.80,o 2.5:2.09 | u 2.5:1.68,1 - 1,1H 1' (0-1) FT. O/U+ o 2.5:1.82 | u 2.5:1.94 | 1H 1' (1-1) FT. O/U o 3.5:1.96 | u 3.5:1.80
02/08/2026 22:08,SABA ENGLISH PREMIER LEAGUE Virtual PES 26 - 15 Mins Play,Newcastle United (V),Fulham (V),,1,0,1H 0',o 2.25:1.95 | u 2.25:1.81,o 1.5:1.95 | u 1.5:1.81,,,,FT. O/U,o 2.25:1.95 | u 2.25:1.81,o 1.5:1.95 | u 1.5:1.81,1 - 0,1H 0' (1-0) FT. O/U+ o 2.25:1.74 | u 2.25:2.02
02/08/2026 22:08,SABA CLUB FRIENDLY Virtual PES 21 - 15 Mins Play,Lille OSC (V),Olympique Lyonnais (V),,0,0,,o 1.5:1.83 | u 1.5:1.93,o 0.5:1.72 | u 0.5:2.04,,,,FT. O/U,o 1.75:1.90 | u 1.75:1.86,o 0.75:1.92 | u 0.75:1.84,0 - 0,
02/08/2026 22:08,SABA CLUB FRIENDLY Virtual PES 21 - 15 Mins Play,Arminia Bielefeld (V),Atletico de Madrid (V),,0,0,,o 2.25:1.93 | u 2.25:1.83,o 1:1.94 | u 1:1.82,,,,FT. O/U,o 2.25:1.83 | u 2.25:1.93,o 1:1.85 | u 1:1.91,0 - 0,
02/08/2026 22:14,SABA INTERNATIONAL FRIENDLY Virtual PES 21 - 20 Mins Play,Slovenia (V),Ukraine (V),,0,0,,o 2.5:1.87 | u 2.5:1.89,o 1:1.78 | u 1:1.98,,,,FT. O/U,o 2.5:1.87 | u 2.5:1.89,o 1:1.78 | u 1:1.98,0 - 0,
02/08/2026 22:14,SABA INTERNATIONAL FRIENDLY Virtual PES 21 - 20 Mins Play,Kuwait (V),Singapore (V),,0,1,1H 0',o 3:1.94 | u 3:1.82,o 2:1.93 | u 2:1.83,,,,FT. O/U,o 3:1.94 | u 3:1.82,o 2:1.93 | u 2:1.83,0 - 1,1H 0' (0-1) FT. O/U+ o 3:1.88 | u 3:1.88
02/08/2026 22:26,SABA INTERNATIONAL FRIENDLY Virtual FC 24 - 16 Mins Play,Ghana (V),Spain (V),0-1,0,2,1H 5' | 2H 2',o 2.5:3.22 | u 2.5:1.21,o 1.5:3.56 | u 1.5:1.15,FT. O/U,o 2.5:1.76 | u 2.5:2.00,,FT. O/U,o 2.75:1.85 | u 2.75:1.91,o 1.25:2.02 | u 1.25:1.74,0 - 0,1H 5' (0-1) FT. O/U+ o 3:1.94 | u 3:1.82 | 2H 2' (0-2) FT. O/U+ o 3.25:1.90 | u 3.25:1.86
02/08/2026 22:28,SABA CLUB FRIENDLY Virtual PES 21 - 15 Mins Play,Olympique de Marseille (V),Real Madrid (V),0-2,0,3,1H 0' | 1H 5' | 2H 5',o 3.5:5.35 | u 3.5:1.07,o 2.5:5.35 | u 2.5:1.07,FT. O/U,o 3:2.05 | u 3:1.71,,FT. O/U,o 2.75:1.96 | u 2.75:1.80,o 1.75:2.00 | u 1.75:1.76,0 - 1,1H 0' (0-1) FT. O/U+ o 2.75:1.87 | u 2.75:1.89 | 1H 5' (0-2) FT. O/U+ o 3:1.69 | u 3:2.08 | 2H 5' (0-3) FT. O/U+ o 3.5:3.70 | u 3.5:1.21
02/08/2026 22:29,SABA CLUB FRIENDLY Virtual PES 21 - 15 Mins Play,Inter Milan (V),FSV Mainz 05 (V),0-1,3,2,1H 1' | 2H 3' | 2H 6' | 2H 7',o 4.5:4.70 | u 4.5:1.11,o 1.5:5.55 | u 1.5:1.06,FT. O/U,o 2:1.89 | u 2:1.87,,FT. O/U,o 2.75:1.75 | u 2.75:2.01,o 1.75:1.67 | u 1.75:2.10,0 - 1,1H 1' (0-1) FT. O/U+ o 3:1.94 | u 3:1.82 | 2H 2' (1-1) FT. O/U+ o 2.75:1.94 | u 2.75:1.82 | 2H 6' (2-2) FT. O/U+ o 4.5:3.44 | u 4.5:1.25 | 2H 7' (3-2)
03/08/2026 20:07,SABA CLUB FRIENDLY Virtual PES 21 - 15 Mins Play,CA Osasuna (V),Manchester City (V),0-0,0,0,,o 0.5:2.49 | u 0.5:1.43,o 0.5:6.00 | u 0.5:1.04,FT. O/U,o 1.25:2.01 | u 1.25:1.75,,FT. O/U,o 2.25:2.01 | u 2.25:1.75,o 0.75:1.67 | u 0.75:2.10,0 - 0,
03/08/2026 20:09,SABA CLUB FRIENDLY Virtual PES 21 - 15 Mins Play,Juventus (V),Bayern Munchen (V),0-1,0,2,1H 1' | 2H 5',o 2.5:4.33 | u 2.5:1.14,o 1.5:4.57 | u 1.5:1.12,FT. O/U,o 2.25:2.03 | u 2.25:1.73,,FT. O/U,o 3:1.82 | u 3:1.94,o 2:1.77 | u 2:1.99,0 - 1,1H 1' (0-1) FT. O/U+ o 3.25:1.95 | u 3.25:1.81 | 2H 5' (0-2) FT. O/U+ o 2.5:3.22 | u 2.5:1.29
03/08/2026 20:10,SABA INTERNATIONAL FRIENDLY Virtual FC 24 - 16 Mins Play,Croatia (V),Poland (V),1-1,1,1,1H 3' | 1H 6',o 2.5:2.54 | u 2.5:1.41,o 2.5:5.00 | u 2.5:1.01,FT. O/U,o 3:1.88 | u 3:1.88,,FT. O/U,o 1.5:1.76 | u 1.5:2.00,o 0.5:1.79 | u 0.5:1.97,0 - 0,1H 3' (1-0) FT. O/U+ o 2.25:1.73 | u 2.25:2.03 | 1H 6' (1-1) FT. O/U+ o 3:1.79 | u 3:1.97
03/08/2026 20:15,SABA INTERNATIONAL FRIENDLY Virtual PES 21 - 20 Mins Play,India (V),Philippines (V),1-1,2,1,1H 7' | 1H 8' | 2H 3',o 3.5:4.57 | u 3.5:1.12,o 2.5:4.03 | u 2.5:1.17,FT. O/U,o 3.25:1.86 | u 3.25:1.90,,FT. O/U,o 2.5:1.98 | u 2.5:1.78,o 1:1.73 | u 1:2.03,0 - 0,1H 7' (0-1) FT. O/U+ o 2.75:1.99 | u 2.75:1.77 | 1H 8' (1-1) FT. O/U+ o 3.25:1.73 | u 3.25:2.03 | 2H 3' (2-1) FT. O/U+ o 3.75:1.77 | u 3.75:1.99
03/08/2026 20:17,SABA INTERNATIONAL FRIENDLY Virtual PES 21 - 20 Mins Play,Switzerland (V),Denmark (V),1-1,3,2,1H 7' | 1H 7' | 2H 3' | 2H 5' | 2H 8',o 5.5:4.45 | u 5.5:1.13,o 2.5:4.57 | u 2.5:1.12,FT. O/U,o 3.25:1.90 | u 3.25:1.86,,FT. O/U,o 2.25:1.84 | u 2.25:1.92,o 1.25:2.09 | u 1.25:1.68,0 - 0,1H 7' (0-1) FT. O/U+ o 2.5:1.94 | u 2.5:1.82 | 1H 7' (1-1) FT. O/U+ o 3.5:2.00 | u 3.5:1.76 | 2H 3' (2-1) FT. O/U+ o 3.75:1.86 | u 3.75:1.90 | 2H 5' (2-2) FT. O/U+ o 4.5:1.87 | u 4.5:1.89 | 2H 8' (3-2) FT. O/U+ o 5.5:4.03 | u 5.5:1.17
03/08/2026 21:08,SABA CLUB FRIENDLY Virtual PES 21 - 15 Mins Play,Barcelona (V),Lille OSC (V),0-0,0,0,,o 0.5:4.23 | u 0.5:1.15,o 0.5:6.26 | u 0.5:1.03,FT. O/U,o 1:1.90 | u 1:1.86,,FT. O/U,o 1.75:1.74 | u 1.75:2.02,o 0.75:2.05 | u 0.75:1.71,0 - 0,
03/08/2026 21:08,SABA CLUB FRIENDLY Virtual PES 21 - 15 Mins Play,Torino (V),Udinese (V),1-0,1,0,2H 0',o 1.5:5.17 | u 1.5:1.08,o 0.5:6.00 | u 0.5:1.04,FT. O/U,o 1:1.78 | u 1:1.98,,FT. O/U,o 1.75:1.74 | u 1.75:2.02,o 0.75:1.74 | u 0.75:2.02,0 - 0,2H 0' (1-0) FT. O/U+ o 2:2.06 | u 2:1.70
03/08/2026 21:12,SABA INTERNATIONAL FRIENDLY Virtual FC 24 - 16 Mins Play,Ghana (V),Netherlands (V),1-0,2,1,1H 7' | 2H 5' | 2H 8',o 2.5:2.54 | u 2.5:1.41,o 1.5:4.03 | u 1.5:1.09,FT. O/U,o 2.5:1.76 | u 2.5:2.00,,FT. O/U,o 3:1.79 | u 3:1.97,o 1.25:1.74 | u 1.25:2.02,0 - 0,1H 7' (1-0) FT. O/U+ o 2.75:1.93 | u 2.75:1.83 | 2H 5' (1-1) FT. O/U+ o 2.5:1.82 | u 2.5:1.94 | 2H 8' (2-1)
03/08/2026 21:16,SABA INTERNATIONAL FRIENDLY Virtual PES 21 - 20 Mins Play,New Zealand (V),South Africa (V),2-0,2,1,1H 2' | 2H 4',o 3.5:5.55 | u 3.5:1.06,o 1.5:5.17 | u 1.5:1.08,FT. O/U,o 2.25:2.01 | u 2.25:1.75,,FT. O/U,o 2.25:1.86 | u 2.25:1.90,o 1:1.88 | u 1:1.88,0 - 0,1H 2' (1-0) FT. O/U+ o 3:1.87 | u 3:1.89 | 2H 1' (2-0) FT. O/U+ o 3:1.94 | u 3:1.82
03/08/2026 21:19,SABA INTERNATIONAL FRIENDLY Virtual PES 21 - 20 Mins Play,Slovakia (V),Turkey (V),1-3,1,3,1H 1' | 1H 4' | 1H 6' | 2H 1',o 4.5:4.45 | u 4.5:1.13,o 3.5:5.55 | u 3.5:1.06,FT. O/U,o 4.25:2.02 | u 4.25:1.74,,FT. O/U,o 2.75:1.74 | u 2.75:2.02,o 1.75:1.81 | u 1.75:1.95,1 - 0,1H 1' (1-0) FT. O/U+ o 3:2.00 | u 3:1.76 | 1H 4' (1-1) FT. O/U+ o 3.5:1.85 | u 3.5:1.91 | 1H 6' (1-2) FT. O/U+ o 4.5:1.92 | u 4.5:1.84 | 2H 1' (1-3) FT. O/U+ o 5:2.11 | u 5:1.66
03/08/2026 21:24,SABA CLUB FRIENDLY Virtual PES 21 - 15 Mins Play,Girondins de Bordeaux (V),Olympique Lyonnais (V),1-0,2,1,1H 1' | 2H 6',o 3.5:5.00 | u 3.5:1.09,o 1.5:6.26 | u 1.5:1.03,FT. O/U,o 2:2.05 | u 2:1.71,,FT. O/U,o 2.5:1.80 | u 2.5:1.96,o 1.5:1.76 | u 1.5:2.00,1 - 0,1H 1' (1-0) FT. O/U+ o 2.5:1.80 | u 2.5:1.96 | 2H 2' (2-0) FT. O/U+ o 2.75:2.03 | u 2.75:1.73
03/08/2026 21:24,SABA CLUB FRIENDLY Virtual PES 21 - 15 Mins Play,Atletico de Madrid (V),Inter Milan (V),0-1,0,1,2H 0',o 1.5:4.70 | u 1.5:1.11,o 0.5:5.17 | u 0.5:1.08,FT. O/U,o 1:1.69 | u 1:2.08,,FT. O/U,o 2:2.01 | u 2:1.75,o 1:2.06 | u 1:1.70,0 - 0,2H 0' (0-1) FT. O/U+ o 2:1.81 | u 2:1.95
03/08/2026 21:25,SABA INTERNATIONAL FRIENDLY Virtual FC 24 - 16 Mins Play,Morocco (V),France (V),0-0,1,1,2H 5',o 2.5:3.04 | u 2.5:1.25,o 0.5:3.27 | u 0.5:1.20,FT. O/U,o 1.5:1.86 | u 1.5:1.90,,FT. O/U,o 2.75:1.83 | u 2.75:1.93,o 1.25:1.96 | u 1.25:1.80,0 - 0,2H 2' (0-1) FT. O/U+ o 2.25:2.04 | u 2.25:1.72
03/08/2026 21:26,SABA CLUB FRIENDLY Virtual PES 21 - 15 Mins Play,AC Milan (V),Borussia Dortmund (V),0-0,1,0,2H 7',o 0.5:4.23 | u 0.5:1.15,o 0.5:5.55 | u 0.5:1.06,FT. O/U,o 1.25:2.16 | u 1.25:1.62,,FT. O/U,o 2:1.90 | u 2:1.86,o 1:2.06 | u 1:1.70,0 - 0,2H 7' (1-0)
03/08/2026 21:26,SABA CLUB FRIENDLY Virtual PES 21 - 15 Mins Play,Chelsea (V),AS Monaco (V),1-1,2,1,1H 2' | 1H 6' | 2H 2',o 3.5:4.45 | u 3.5:1.13,o 2.5:5.76 | u 2.5:1.05,FT. O/U,o 3.25:1.76 | u 3.25:2.00,,FT. O/U,o 2.5:1.90 | u 2.5:1.86,o 1:1.79 | u 1:1.97,0 - 0,1H 2' (1-0) FT. O/U+ o 3.25:1.85 | u 3.25:1.91 | 1H 6' (1-1) FT. O/U+ o 3.5:1.95 | u 3.5:1.81 | 2H 2' (2-1) FT. O/U+ o 4:1.91 | u 4:1.85
03/08/2026 21:27,SABA ENGLISH PREMIER LEAGUE Virtual PES 26 - 15 Mins Play,Nottingham Forest (V),AFC Bournemouth (V),1-1,2,1,1H 0' | 1H 1' | 2H 7',o 2.5:4.33 | u 2.5:1.14,o 2.5:4.85 | u 2.5:1.10,FT. O/U,o 3.25:1.86 | u 3.25:1.90,,FT. O/U,o 4:1.82 | u 4:1.94,o 2.75:1.67 | u 2.75:2.10,1 - 1,1H 0' (1-0) FT. O/U+ o 3.5:1.96 | u 3.5:1.80 | 1H 1' (1-1) FT. O/U+ o 4:1.76 | u 4:2.00 | 2H 7' (2-1)
